Name,Person.ID,Constituency,PCON22CD,Party,Value,Could be as low as,Could be as high as,wikidata,DisplayName,SocialistCampaignGroup,TribuneGroup,OneNation,TRG_Patron,ERG_Subscriber
Aaron BELL,25916,Newcastle-under-Lyme,E14000834,Conservative,73,62,84,http://www.wikidata.org/entity/Q76736935,Aaron BELL (Newcastle-under-Lyme),0,0,0,0,0
Abena OPPONG-ASARE,25846,Erith and Thamesmead,E14000696,Labour,35,23,47,http://www.wikidata.org/entity/Q76364044,Abena OPPONG-ASARE (Erith and Thamesmead),0,1,0,0,0
Adam AFRIYIE,11929,Windsor,E14001042,Conservative,79,67,92,http://www.wikidata.org/entity/Q258473,Adam AFRIYIE (Windsor),0,0,0,0,0
Adam HOLLOWAY,11599,Gravesham,E14000715,Conservative,84,73,95,http://www.wikidata.org/entity/Q689348,Adam HOLLOWAY (Gravesham),0,0,0,0,0
Afzal KHAN,25662,"Manchester, Gorton",E14000808,Labour,33,16,50,http://www.wikidata.org/entity/Q6712373,"Afzal KHAN (Manchester, Gorton)",0,0,0,0,0
Alan BROWN,25268,Kilmarnock and Loudoun,S14000040,Scottish National Party,27,12,42,http://www.wikidata.org/entity/Q19883288,Alan BROWN (Kilmarnock and Loudoun),0,0,0,0,0
Alan MAK,25285,Havant,E14000736,Conservative,80,69,92,http://www.wikidata.org/entity/Q19868483,Alan MAK (Havant),0,0,0,0,0
Alan WHITEHEAD,10630,"Southampton, Test",E14000956,Labour,36,22,50,http://www.wikidata.org/entity/Q264585,"Alan WHITEHEAD (Southampton, Test)",0,1,0,0,0
Alberto COSTA,25413,South Leicestershire,E14000940,Conservative,79,67,90,http://www.wikidata.org/entity/Q19957124,Alberto COSTA (South Leicestershire),0,0,1,0,0
Alec SHELBROOKE,24893,Elmet and Rothwell,E14000689,Conservative,80,66,95,http://www.wikidata.org/entity/Q393751,Alec SHELBROOKE (Elmet and Rothwell),0,0,0,0,1
Alex BURGHART,25659,Brentwood and Ongar,E14000594,Conservative,70,58,82,http://www.wikidata.org/entity/Q30234239,Alex BURGHART (Brentwood and Ongar),0,0,0,0,0
Alex CHALK,25340,Cheltenham,E14000630,Conservative,73,63,83,http://www.wikidata.org/entity/Q19956858,Alex CHALK (Cheltenham),0,0,0,0,0
Alex CUNNINGHAM,24742,Stockton North,E14000970,Labour,30,16,44,http://www.wikidata.org/entity/Q291649,Alex CUNNINGHAM (Stockton North),0,1,0,0,0
Alex DAVIES-JONES,25824,Pontypridd,W07000075,Labour,34,17,50,http://www.wikidata.org/entity/Q76364874,Alex DAVIES-JONES (Pontypridd),0,1,0,0,0
Alex NORRIS,25687,Nottingham North,E14000866,Labour,36,19,52,http://www.wikidata.org/entity/Q30234243,Alex NORRIS (Nottingham North),0,0,0,0,0
Alex SOBEL,25680,Leeds North West,E14000780,Labour,29,12,46,http://www.wikidata.org/entity/Q30164792,Alex SOBEL (Leeds North West),0,1,0,0,0
Alexander STAFFORD,25864,Rother Valley,E14000903,Conservative,76,60,92,http://www.wikidata.org/entity/Q76449027,Alexander STAFFORD (Rother Valley),0,0,0,0,0
Alicia KEARNS,25906,Rutland and Melton,E14000909,Conservative,75,64,86,http://www.wikidata.org/entity/Q76363294,Alicia KEARNS (Rutland and Melton),0,0,0,0,0
Alison MCGOVERN,24897,Wirral South,E14001043,Labour,48,35,60,http://www.wikidata.org/entity/Q694639,Alison MCGOVERN (Wirral South),0,0,0,0,0
Alison THEWLISS,25327,Glasgow Central,S14000029,Scottish National Party,19,5,34,http://www.wikidata.org/entity/Q19882771,Alison THEWLISS (Glasgow Central),0,0,0,0,0
Alistair CARMICHAEL,10785,Orkney and Shetland,S14000051,Liberal Democrat,39,24,54,http://www.wikidata.org/entity/Q269124,Alistair CARMICHAEL (Orkney and Shetland),0,0,0,0,0
Alister JACK,25674,Dumfries and Galloway,S14000013,Conservative,76,62,90,http://www.wikidata.org/entity/Q30165682,Alister JACK (Dumfries and Galloway),0,0,0,0,0
Allan DORANS,25870,"Ayr, Carrick and Cumnock",S14000006,Scottish National Party,35,19,52,http://www.wikidata.org/entity/Q75818980,"Allan DORANS (Ayr, Carrick and Cumnock)",0,0,0,0,0
Alok SHARMA,24902,Reading West,E14000890,Conservative,71,59,81,http://www.wikidata.org/entity/Q478531,Alok SHARMA (Reading West),0,0,0,0,0
Amanda MILLING,25350,Cannock Chase,E14000618,Conservative,74,63,85,http://www.wikidata.org/entity/Q20648982,Amanda MILLING (Cannock Chase),0,0,0,0,0
Amanda SOLLOWAY,25436,Derby North,E14000662,Conservative,75,63,87,http://www.wikidata.org/entity/Q20648487,Amanda SOLLOWAY (Derby North),0,0,0,0,0
Amy CALLAGHAN,25863,East Dunbartonshire,S14000018,Scottish National Party,30,15,44,http://www.wikidata.org/entity/Q75818988,Amy CALLAGHAN (East Dunbartonshire),0,0,0,0,0
Andrea JENKYNS,25431,Morley and Outwood,E14000826,Conservative,80,64,96,http://www.wikidata.org/entity/Q19874642,Andrea JENKYNS (Morley and Outwood),0,0,0,0,0
Andrea LEADSOM,24829,South Northamptonshire,E14000942,Conservative,79,66,92,http://www.wikidata.org/entity/Q750091,Andrea LEADSOM (South Northamptonshire),0,0,0,0,1
Andrew BOWIE,25703,West Aberdeenshire and Kincardine,S14000058,Conservative,77,67,87,http://www.wikidata.org/entity/Q30224657,Andrew BOWIE (West Aberdeenshire and Kincardine),0,0,0,0,0
Andrew BRIDGEN,24741,North West Leicestershire,E14000858,Conservative,71,59,82,http://www.wikidata.org/entity/Q265028,Andrew BRIDGEN (North West Leicestershire),0,0,0,0,0
Andrew GRIFFITH,25927,Arundel and South Downs,E14000534,Conservative,81,71,92,http://www.wikidata.org/entity/Q60040580,Andrew GRIFFITH (Arundel and South Downs),0,0,0,0,0
Andrew GWYNNE,11531,Denton and Reddish,E14000661,Labour,32,16,49,http://www.wikidata.org/entity/Q392216,Andrew GWYNNE (Denton and Reddish),0,1,0,0,0
Andrew JONES,24758,Harrogate and Knaresborough,E14000730,Conservative,75,64,85,http://www.wikidata.org/entity/Q728119,Andrew JONES (Harrogate and Knaresborough),0,0,0,0,0
Andrew LEWER,25686,Northampton South,E14000862,Conservative,73,61,85,http://www.wikidata.org/entity/Q16980037,Andrew LEWER (Northampton South),0,0,0,0,0
Andrew MITCHELL,11115,Sutton Coldfield,E14000985,Conservative,77,61,93,http://www.wikidata.org/entity/Q333261,Andrew MITCHELL (Sutton Coldfield),0,0,0,0,0
Andrew MURRISON,11132,South West Wiltshire,E14000954,Conservative,75,63,86,http://www.wikidata.org/entity/Q578234,Andrew MURRISON (South West Wiltshire),0,0,0,0,0
Andrew PERCY,24832,Brigg and Goole,E14000596,Conservative,79,67,90,http://www.wikidata.org/entity/Q575493,Andrew PERCY (Brigg and Goole),0,0,0,0,0
Andrew ROSINDELL,11199,Romford,E14000900,Conservative,75,62,89,http://www.wikidata.org/entity/Q480092,Andrew ROSINDELL (Romford),0,0,0,0,0
Andrew SELOUS,11216,South West Bedfordshire,E14000949,Conservative,73,61,85,http://www.wikidata.org/entity/Q478714,Andrew SELOUS (South West Bedfordshire),0,0,0,0,0
Andrew SLAUGHTER,11559,Hammersmith,E14000726,Labour,43,29,57,http://www.wikidata.org/entity/Q391341,Andrew SLAUGHTER (Hammersmith),0,1,0,0,0
Andrew STEPHENSON,24759,Pendle,E14000875,Conservative,77,66,87,http://www.wikidata.org/entity/Q341570,Andrew STEPHENSON (Pendle),0,0,0,0,0
Andrew WESTERN,26120,Stretford and Urmston,E14000979,Labour,38,22,55,http://www.wikidata.org/entity/Q76450765,Andrew WESTERN (Stretford and Urmston),0,0,0,0,0
Andy CARTER,25884,Warrington South,E14001018,Conservative,75,62,89,http://www.wikidata.org/entity/Q76448984,Andy CARTER (Warrington South),0,0,1,0,0
Andy MCDONALD,25169,Middlesbrough,E14000819,Labour,17,2,32,http://www.wikidata.org/entity/Q4761018,Andy MCDONALD (Middlesbrough),1,0,0,0,0
Angela CRAWLEY,25295,Lanark and Hamilton East,S14000042,Scottish National Party,30,18,43,http://www.wikidata.org/entity/Q19883053,Angela CRAWLEY (Lanark and Hamilton East),0,0,0,0,0
Angela EAGLE,10182,Wallasey,E14001010,Labour,37,24,51,http://www.wikidata.org/entity/Q302763,Angela EAGLE (Wallasey),0,0,0,0,0
Angela RAYNER,25429,Ashton-under-Lyne,E14000537,Labour,31,14,47,http://www.wikidata.org/entity/Q18164278,Angela RAYNER (Ashton-under-Lyne),0,0,0,0,0
Angela RICHARDSON,25827,Guildford,E14000719,Conservative,76,63,88,http://www.wikidata.org/entity/Q76363854,Angela RICHARDSON (Guildford),0,0,0,0,0
Angus MACNEIL,12004,Na h-Eileanan an Iar,S14000027,Scottish National Party,29,14,45,http://www.wikidata.org/entity/Q695092,Angus MACNEIL (Na h-Eileanan an Iar),0,0,0,0,0
Anna FIRTH,26059,Southend West,E14000957,Conservative,73,56,90,http://www.wikidata.org/entity/Q54670211,Anna FIRTH (Southend West),0,0,0,0,0
Anne MCLAUGHLIN,14146,Glasgow North East,S14000032,Scottish National Party,22,7,37,http://www.wikidata.org/entity/Q373047,Anne MCLAUGHLIN (Glasgow North East),0,0,0,0,0
Anne Marie MORRIS,24912,Newton Abbot,E14000835,Conservative,77,66,88,http://www.wikidata.org/entity/Q580321,Anne Marie MORRIS (Newton Abbot),0,0,0,0,0
Anne-Marie TREVELYAN,25439,Berwick-upon-Tweed,E14000554,Conservative,81,67,95,http://www.wikidata.org/entity/Q20648244,Anne-Marie TREVELYAN (Berwick-upon-Tweed),0,0,0,0,0
Anneliese DODDS,25618,Oxford East,E14000873,Labour,29,19,41,http://www.wikidata.org/entity/Q16529268,Anneliese DODDS (Oxford East),0,1,0,0,0
Anthony BROWNE,25850,South Cambridgeshire,E14000934,Conservative,74,62,85,http://www.wikidata.org/entity/Q4772161,Anthony BROWNE (South Cambridgeshire),0,0,1,0,0
Anthony MANGNALL,25868,Totnes,E14001001,Conservative,75,64,86,http://www.wikidata.org/entity/Q76450714,Anthony MANGNALL (Totnes),0,0,0,0,0
Antony HIGGINBOTHAM,25842,Burnley,E14000609,Conservative,70,59,80,http://www.wikidata.org/entity/Q76363542,Antony HIGGINBOTHAM (Burnley),0,0,0,0,0
Anum QAISAR,26020,Airdrie and Shotts,S14000003,Scottish National Party,43,27,58,http://www.wikidata.org/entity/Q106828783,Anum QAISAR (Airdrie and Shotts),0,0,0,0,0
Apsana BEGUM,25914,Poplar and Limehouse,E14000882,Labour,26,11,42,http://www.wikidata.org/entity/Q76363973,Apsana BEGUM (Poplar and Limehouse),1,0,0,0,0
Ashley DALTON,26123,West Lancashire,E14001033,Labour,35,22,48,http://www.wikidata.org/entity/Q76450762,Ashley DALTON (West Lancashire),0,0,0,0,0
Bambos CHARALAMBOUS,25676,"Enfield, Southgate",E14000692,Labour,37,23,50,http://www.wikidata.org/entity/Q30165325,"Bambos CHARALAMBOUS (Enfield, Southgate)",0,0,0,0,0
Barbara KEELEY,11943,Worsley and Eccles South,E14001054,Labour,36,18,54,http://www.wikidata.org/entity/Q750293,Barbara KEELEY (Worsley and Eccles South),0,1,0,0,0
Barry GARDINER,10220,Brent North,E14000592,Labour,15,1,30,http://www.wikidata.org/entity/Q391169,Barry GARDINER (Brent North),0,0,0,0,0
Barry SHEERMAN,10534,Huddersfield,E14000756,Labour,30,12,48,http://www.wikidata.org/entity/Q477464,Barry SHEERMAN (Huddersfield),0,0,0,0,0
Bell RIBEIRO-ADDY,25856,Streatham,E14000978,Labour,20,4,36,http://www.wikidata.org/entity/Q76364048,Bell RIBEIRO-ADDY (Streatham),1,0,0,0,0
Ben BRADLEY,25683,Mansfield,E14000810,Conservative,75,63,87,http://www.wikidata.org/entity/Q30223599,Ben BRADLEY (Mansfield),0,0,0,0,0
Ben BRADSHAW,10061,Exeter,E14000698,Labour,32,21,45,http://www.wikidata.org/entity/Q264618,Ben BRADSHAW (Exeter),0,0,0,0,0
Ben EVERITT,25910,Milton Keynes North,E14000821,Conservative,77,62,93,http://www.wikidata.org/entity/Q76364469,Ben EVERITT (Milton Keynes North),0,0,0,0,0
Ben LAKE,25669,Ceredigion,W07000064,Plaid Cymru,19,0,38,http://www.wikidata.org/entity/Q30172752,Ben LAKE (Ceredigion),0,0,0,0,0
Ben SPENCER,25889,Runnymede and Weybridge,E14000907,Conservative,82,67,96,http://www.wikidata.org/entity/Q76450770,Ben SPENCER (Runnymede and Weybridge),0,0,0,0,0
Ben WALLACE,11668,Wyre and Preston North,E14001057,Conservative,81,69,93,http://www.wikidata.org/entity/Q263166,Ben WALLACE (Wyre and Preston North),0,0,0,0,0
Bernard JENKIN,10312,Harwich and North Essex,E14000734,Conservative,76,65,87,http://www.wikidata.org/entity/Q727852,Bernard JENKIN (Harwich and North Essex),0,0,0,0,1
Beth WINTER,25826,Cynon Valley,W07000070,Labour,28,10,45,http://www.wikidata.org/entity/Q76363918,Beth WINTER (Cynon Valley),1,0,0,0,0
Bill CASH,10095,Stone,E14000975,Conservative,83,73,93,http://www.wikidata.org/entity/Q269449,Bill CASH (Stone),0,0,0,0,0
Bill ESTERSON,24905,Sefton Central,E14000916,Labour,43,30,56,http://www.wikidata.org/entity/Q303465,Bill ESTERSON (Sefton Central),0,1,0,0,0
Bill WIGGIN,11318,North Herefordshire,E14000847,Conservative,77,63,90,http://www.wikidata.org/entity/Q265900,Bill WIGGIN (North Herefordshire),0,0,0,0,1
Bim AFOLAMI,25661,Hitchin and Harpenden,E14000749,Conservative,75,63,87,http://www.wikidata.org/entity/Q30174692,Bim AFOLAMI (Hitchin and Harpenden),0,0,1,1,1
Bob BLACKMAN,24945,Harrow East,E14000731,Conservative,77,63,91,http://www.wikidata.org/entity/Q263875,Bob BLACKMAN (Harrow East),0,0,0,0,0
Bob NEILL,13736,Bromley and Chislehurst,E14000604,Conservative,66,54,80,http://www.wikidata.org/entity/Q577771,Bob NEILL (Bromley and Chislehurst),0,0,1,0,0
Bob STEWART,24907,Beckenham,E14000551,Conservative,67,54,80,http://www.wikidata.org/entity/Q341511,Bob STEWART (Beckenham),0,0,0,0,0
Brandon LEWIS,24879,Great Yarmouth,E14000717,Conservative,81,70,91,http://www.wikidata.org/entity/Q749687,Brandon LEWIS (Great Yarmouth),0,0,0,0,1
Brendan CLARKE-SMITH,25862,Bassetlaw,E14000546,Conservative,78,66,90,http://www.wikidata.org/entity/Q63929253,Brendan CLARKE-SMITH (Bassetlaw),0,0,0,0,0
Brendan O'HARA,25370,Argyll and Bute,S14000005,Scottish National Party,36,20,51,http://www.wikidata.org/entity/Q19878984,Brendan O'HARA (Argyll and Bute),0,0,0,0,0
Bridget PHILLIPSON,24709,Houghton and Sunderland South,E14000754,Labour,29,11,48,http://www.wikidata.org/entity/Q575337,Bridget PHILLIPSON (Houghton and Sunderland South),0,0,0,0,0
Carol MONAGHAN,25406,Glasgow North West,S14000033,Scottish National Party,39,25,53,http://www.wikidata.org/entity/Q19875589,Carol MONAGHAN (Glasgow North West),0,0,0,0,0
Caroline ANSELL,25335,Eastbourne,E14000684,Conservative,77,66,87,http://www.wikidata.org/entity/Q19870758,Caroline ANSELL (Eastbourne),0,0,0,0,0
Caroline DINENAGE,24873,Gosport,E14000713,Conservative,72,61,82,http://www.wikidata.org/entity/Q300107,Caroline DINENAGE (Gosport),0,0,0,0,0
Caroline JOHNSON,25597,Sleaford and North Hykeham,E14000929,Conservative,78,66,89,http://www.wikidata.org/entity/Q27979810,Caroline JOHNSON (Sleaford and North Hykeham),0,0,0,0,0
Caroline LUCAS,24910,"Brighton, Pavilion",E14000598,Green,4,0,20,http://www.wikidata.org/entity/Q9670,"Caroline LUCAS (Brighton, Pavilion)",0,0,0,0,0
Caroline NOKES,24809,Romsey and Southampton North,E14000901,Conservative,64,53,74,http://www.wikidata.org/entity/Q577227,Caroline NOKES (Romsey and Southampton North),0,0,1,0,0
Carolyn HARRIS,25308,Swansea East,W07000048,Labour,25,12,38,http://www.wikidata.org/entity/Q19958026,Carolyn HARRIS (Swansea East),0,0,0,0,0
Cat SMITH,25432,Lancaster and Fleetwood,E14000776,Labour,29,16,43,http://www.wikidata.org/entity/Q19930597,Cat SMITH (Lancaster and Fleetwood),0,0,0,0,0
Catherine MCKINNELL,24818,Newcastle upon Tyne North,E14000833,Labour,33,16,50,http://www.wikidata.org/entity/Q3411409,Catherine MCKINNELL (Newcastle upon Tyne North),0,1,0,0,0
Catherine WEST,25328,Hornsey and Wood Green,E14000752,Labour,35,19,51,http://www.wikidata.org/entity/Q19871931,Catherine WEST (Hornsey and Wood Green),0,0,0,0,0
Charles WALKER,11461,Broxbourne,E14000606,Conservative,76,64,88,http://www.wikidata.org/entity/Q262539,Charles WALKER (Broxbourne),0,0,0,0,0
Charlotte NICHOLS,25885,Warrington North,E14001017,Labour,27,8,43,http://www.wikidata.org/entity/Q76364081,Charlotte NICHOLS (Warrington North),0,0,0,0,0
Cherilyn MACKRORY,25802,Truro and Falmouth,E14001003,Conservative,74,63,85,http://www.wikidata.org/entity/Q76364111,Cherilyn MACKRORY (Truro and Falmouth),0,0,0,0,0
Chi ONWURAH,24807,Newcastle upon Tyne Central,E14000831,Labour,31,14,48,http://www.wikidata.org/entity/Q576208,Chi ONWURAH (Newcastle upon Tyne Central),0,1,0,0,0
Chloe SMITH,24691,Norwich North,E14000863,Conservative,77,64,89,http://www.wikidata.org/entity/Q333680,Chloe SMITH (Norwich North),0,0,1,0,0
Chris BRYANT,10761,Rhondda,W07000052,Labour,23,5,42,http://www.wikidata.org/entity/Q266146,Chris BRYANT (Rhondda),0,0,0,0,0
Chris CLARKSON,25825,Heywood and Middleton,E14000747,Conservative,80,65,95,http://www.wikidata.org/entity/Q76729340,Chris CLARKSON (Heywood and Middleton),0,0,0,0,0
Chris ELMORE,25490,Ogmore,W07000074,Labour,42,26,58,http://www.wikidata.org/entity/Q24053857,Chris ELMORE (Ogmore),0,1,0,0,0
Chris EVANS,24721,Islwyn,W07000077,Labour,42,30,53,http://www.wikidata.org/entity/Q303577,Chris EVANS (Islwyn),0,0,0,0,0
Chris GRAYLING,10920,Epsom and Ewell,E14000694,Conservative,73,59,87,http://www.wikidata.org/entity/Q337453,Chris GRAYLING (Epsom and Ewell),0,0,0,0,1
Chris GREEN,25359,Bolton West,E14000580,Conservative,81,66,96,http://www.wikidata.org/entity/Q19957945,Chris GREEN (Bolton West),0,0,0,0,0
Chris HEATON-HARRIS,24841,Daventry,E14000660,Conservative,77,66,89,http://www.wikidata.org/entity/Q673322,Chris HEATON-HARRIS (Daventry),0,0,0,0,1
Chris LAW,25270,Dundee West,S14000016,Scottish National Party,30,18,44,http://www.wikidata.org/entity/Q19875413,Chris LAW (Dundee West),0,0,0,0,0
Chris LODER,25918,West Dorset,E14001031,Conservative,71,57,84,http://www.wikidata.org/entity/Q76364033,Chris LODER (West Dorset),0,0,0,0,0
Chris PHILP,25377,Croydon South,E14000656,Conservative,76,62,91,http://www.wikidata.org/entity/Q16972528,Chris PHILP (Croydon South),0,0,0,0,0
Chris SKIDMORE,24713,Kingswood,E14000774,Conservative,69,55,83,http://www.wikidata.org/entity/Q391526,Chris SKIDMORE (Kingswood),0,0,0,0,0
Chris STEPHENS,25306,Glasgow South West,S14000035,Scottish National Party,17,2,33,http://www.wikidata.org/entity/Q19059345,Chris STEPHENS (Glasgow South West),0,0,0,0,0
Christian WAKEFORD,25874,Bury South,E14000612,Labour,30,11,48,http://www.wikidata.org/entity/Q76363097,Christian WAKEFORD (Bury South),0,0,0,0,0
Christina REES,25332,Neath,W07000069,Labour,22,6,37,http://www.wikidata.org/entity/Q20648332,Christina REES (Neath),0,0,0,0,0
Christine JARDINE,25675,Edinburgh West,S14000026,Liberal Democrat,49,33,65,http://www.wikidata.org/entity/Q30164696,Christine JARDINE (Edinburgh West),0,0,0,0,0
Christopher CHOPE,10103,Christchurch,E14000638,Conservative,86,75,99,http://www.wikidata.org/entity/Q271715,Christopher CHOPE (Christchurch),0,0,0,0,1
Christopher PINCHER,24747,Tamworth,E14000986,Conservative,77,64,89,http://www.wikidata.org/entity/Q575266,Christopher PINCHER (Tamworth),0,0,0,0,1
Claire COUTINHO,25890,East Surrey,E14000681,Conservative,67,51,82,http://www.wikidata.org/entity/Q76364263,Claire COUTINHO (East Surrey),0,0,0,0,0
Claudia WEBBE,25797,Leicester East,E14000782,Labour,23,5,41,http://www.wikidata.org/entity/Q5129278,Claudia WEBBE (Leicester East),1,0,0,0,0
Clive BETTS,10045,Sheffield South East,E14000920,Labour,25,9,40,http://www.wikidata.org/entity/Q263508,Clive BETTS (Sheffield South East),0,1,0,0,0
Clive EFFORD,10185,Eltham,E14000690,Labour,33,20,48,http://www.wikidata.org/entity/Q302939,Clive EFFORD (Eltham),0,1,0,0,0
Clive LEWIS,25356,Norwich South,E14000864,Labour,35,21,48,http://www.wikidata.org/entity/Q20127903,Clive LEWIS (Norwich South),1,0,0,0,0
Conor BURNS,24780,Bournemouth West,E14000585,Conservative,73,59,87,http://www.wikidata.org/entity/Q269925,Conor BURNS (Bournemouth West),0,0,0,0,0
Conor MCGINN,25423,St Helens North,E14000962,Labour,46,33,58,http://www.wikidata.org/entity/Q5162256,Conor MCGINN (St Helens North),0,0,0,0,0
Craig MACKINLAY,25437,South Thanet,E14000948,Conservative,89,79,100,http://www.wikidata.org/entity/Q5181182,Craig MACKINLAY (South Thanet),0,0,0,0,1
Craig TRACEY,25290,North Warwickshire,E14000854,Conservative,72,61,83,http://www.wikidata.org/entity/Q20195470,Craig TRACEY (North Warwickshire),0,0,0,0,0
Craig WHITTAKER,24944,Calder Valley,E14000614,Conservative,77,63,93,http://www.wikidata.org/entity/Q264636,Craig WHITTAKER (Calder Valley),0,0,0,0,0
Craig WILLIAMS,25329,Montgomeryshire,W07000063,Conservative,75,60,89,http://www.wikidata.org/entity/Q20647978,Craig WILLIAMS (Montgomeryshire),0,0,0,0,0
Crispin BLUNT,10051,Reigate,E14000893,Conservative,83,69,97,http://www.wikidata.org/entity/Q264305,Crispin BLUNT (Reigate),0,0,0,0,0
Daisy COOPER,25901,St Albans,E14000960,Liberal Democrat,40,28,52,http://www.wikidata.org/entity/Q75838761,Daisy COOPER (St Albans),0,0,0,0,0
Damian COLLINS,24744,Folkestone and Hythe,E14000704,Conservative,73,62,84,http://www.wikidata.org/entity/Q290646,Damian COLLINS (Folkestone and Hythe),0,0,0,0,0
Damian GREEN,10241,Ashford,E14000536,Conservative,74,64,84,http://www.wikidata.org/entity/Q391960,Damian GREEN (Ashford),0,0,1,1,0
Damian HINDS,24782,East Hampshire,E14000680,Conservative,75,61,88,http://www.wikidata.org/entity/Q676947,Damian HINDS (East Hampshire),0,0,0,0,0
Damien MOORE,25630,Southport,E14000958,Conservative,77,65,90,http://www.wikidata.org/entity/Q30163703,Damien MOORE (Southport),0,0,0,0,0
Dan CARDEN,25642,"Liverpool, Walton",E14000794,Labour,22,7,36,http://www.wikidata.org/entity/Q30226321,"Dan CARDEN (Liverpool, Walton)",1,0,0,0,0
Dan JARVIS,25067,Barnsley Central,E14000541,Labour,40,24,57,http://www.wikidata.org/entity/Q727587,Dan JARVIS (Barnsley Central),0,1,0,0,0
Daniel KAWCZYNSKI,11817,Shrewsbury and Atcham,E14000926,Conservative,81,68,95,http://www.wikidata.org/entity/Q692315,Daniel KAWCZYNSKI (Shrewsbury and Atcham),0,0,0,0,0
Daniel POULTER,24756,Central Suffolk and North Ipswich,E14000624,Conservative,74,63,84,http://www.wikidata.org/entity/Q575239,Daniel POULTER (Central Suffolk and North Ipswich),0,0,0,0,0
Daniel ZEICHNER,25386,Cambridge,E14000617,Labour,31,17,45,http://www.wikidata.org/entity/Q20128211,Daniel ZEICHNER (Cambridge),0,1,0,0,0
Danny KRUGER,25913,Devizes,E14000665,Conservative,78,67,91,http://www.wikidata.org/entity/Q16515053,Danny KRUGER (Devizes),0,0,0,0,0
Darren HENRY,25871,Broxtowe,E14000607,Conservative,72,60,84,http://www.wikidata.org/entity/Q76362949,Darren HENRY (Broxtowe),0,0,0,0,0
Dave DOOGAN,25796,Angus,S14000004,Scottish National Party,19,2,37,http://www.wikidata.org/entity/Q75818967,Dave DOOGAN (Angus),0,0,0,0,0
David DAVIES,11719,Monmouth,W07000054,Conservative,69,53,85,http://www.wikidata.org/entity/Q296797,David DAVIES (Monmouth),0,0,0,0,0
David DAVIS,10162,Haltemprice and Howden,E14000724,Conservative,74,60,88,http://www.wikidata.org/entity/Q300023,David DAVIS (Haltemprice and Howden),0,0,0,0,1
David DUGUID,25664,Banff and Buchan,S14000007,Conservative,75,64,87,http://www.wikidata.org/entity/Q30176559,David DUGUID (Banff and Buchan),0,0,0,0,0
David EVENNETT,11408,Bexleyheath and Crayford,E14000558,Conservative,83,69,97,http://www.wikidata.org/entity/Q303883,David EVENNETT (Bexleyheath and Crayford),0,0,0,0,0
David JOHNSTON,25924,Wantage,E14001015,Conservative,73,63,82,http://www.wikidata.org/entity/Q76736650,David JOHNSTON (Wantage),0,0,0,0,0
David JONES,11506,Clwyd West,W07000059,Conservative,81,68,94,http://www.wikidata.org/entity/Q728167,David JONES (Clwyd West),0,0,0,0,0
David LAMMY,10678,Tottenham,E14001002,Labour,32,15,49,http://www.wikidata.org/entity/Q534727,David LAMMY (Tottenham),0,1,0,0,0
David LINDEN,25677,Glasgow East,S14000030,Scottish National Party,36,23,50,http://www.wikidata.org/entity/Q30224361,David LINDEN (Glasgow East),0,0,0,0,0
David MORRIS,24966,Morecambe and Lunesdale,E14000825,Conservative,70,58,81,http://www.wikidata.org/entity/Q580247,David MORRIS (Morecambe and Lunesdale),0,0,0,0,0
David MUNDELL,11970,"Dumfriesshire, Clydesdale and Tweeddale",S14000014,Conservative,70,60,79,http://www.wikidata.org/entity/Q333520,"David MUNDELL (Dumfriesshire, Clydesdale and Tweeddale)",0,0,1,0,0
David RUTLEY,24820,Macclesfield,E14000802,Conservative,78,65,91,http://www.wikidata.org/entity/Q479064,David RUTLEY (Macclesfield),0,0,0,0,0
David SIMMONDS,25892,"Ruislip, Northwood and Pinner",E14000906,Conservative,66,51,81,http://www.wikidata.org/entity/Q76363601,"David SIMMONDS (Ruislip, Northwood and Pinner)",0,0,0,0,0
Dawn BUTLER,11447,Brent Central,E14000591,Labour,28,11,44,http://www.wikidata.org/entity/Q5242429,Dawn BUTLER (Brent Central),1,0,0,0,0
Dean RUSSELL,25828,Watford,E14001021,Conservative,71,59,83,http://www.wikidata.org/entity/Q76450658,Dean RUSSELL (Watford),0,0,0,0,0
Debbie ABRAHAMS,25034,Oldham East and Saddleworth,E14000870,Labour,27,10,43,http://www.wikidata.org/entity/Q258088,Debbie ABRAHAMS (Oldham East and Saddleworth),0,1,0,0,0
Dehenna DAVISON,25815,Bishop Auckland,E14000569,Conservative,79,64,93,http://www.wikidata.org/entity/Q76364853,Dehenna DAVISON (Bishop Auckland),0,0,0,0,0
Deidre BROCK,25336,Edinburgh North and Leith,S14000023,Scottish National Party,21,4,39,http://www.wikidata.org/entity/Q19871637,Deidre BROCK (Edinburgh North and Leith),0,0,0,0,0
Derek THOMAS,25440,St Ives,E14000964,Conservative,68,56,79,http://www.wikidata.org/entity/Q20177497,Derek THOMAS (St Ives),0,0,0,0,0
Derek TWIGG,10610,Halton,E14000725,Labour,32,18,46,http://www.wikidata.org/entity/Q272098,Derek TWIGG (Halton),0,0,0,0,0
Desmond SWAYNE,10580,New Forest West,E14000828,Conservative,85,75,95,http://www.wikidata.org/entity/Q327823,Desmond SWAYNE (New Forest West),0,0,0,0,1
Diana R. JOHNSON,11647,Kingston upon Hull North,E14000772,Labour,45,31,59,http://www.wikidata.org/entity/Q727933,Diana R. JOHNSON (Kingston upon Hull North),0,1,0,0,0
Diane ABBOTT,10001,Hackney North and Stoke Newington,E14000720,Labour,32,16,49,http://www.wikidata.org/entity/Q153454,Diane ABBOTT (Hackney North and Stoke Newington),1,0,0,0,0
Dominic RAAB,24815,Esher and Walton,E14000697,Conservative,81,68,93,http://www.wikidata.org/entity/Q268584,Dominic RAAB (Esher and Walton),0,0,0,0,0
Douglas CHAPMAN,25305,Dunfermline and West Fife,S14000017,Scottish National Party,28,15,43,http://www.wikidata.org/entity/Q19882922,Douglas CHAPMAN (Dunfermline and West Fife),0,0,0,0,0
Douglas ROSS,25531,Moray,S14000046,Conservative,77,63,91,http://www.wikidata.org/entity/Q24039769,Douglas ROSS (Moray),0,0,0,0,0
Drew HENDRY,25382,"Inverness, Nairn, Badenoch and Strathspey",S14000039,Scottish National Party,23,7,39,http://www.wikidata.org/entity/Q5307191,"Drew HENDRY (Inverness, Nairn, Badenoch and Strathspey)",0,0,0,0,0
Duncan BAKER,25844,North Norfolk,E14000848,Conservative,78,67,89,http://www.wikidata.org/entity/Q76363201,Duncan BAKER (North Norfolk),0,0,0,0,0
Ed MILIBAND,11545,Doncaster North,E14000669,Labour,34,16,51,http://www.wikidata.org/entity/Q216594,Ed MILIBAND (Doncaster North),0,1,0,0,0
Eddie HUGHES,25699,Walsall North,E14001011,Conservative,74,57,91,http://www.wikidata.org/entity/Q30234253,Eddie HUGHES (Walsall North),0,0,0,0,0
Edward ARGAR,25396,Charnwood,E14000625,Conservative,76,64,87,http://www.wikidata.org/entity/Q19938322,Edward ARGAR (Charnwood),0,0,0,0,0
Edward DAVEY,10155,Kingston and Surbiton,E14000770,Liberal Democrat,50,38,62,http://www.wikidata.org/entity/Q296689,Edward DAVEY (Kingston and Surbiton),0,0,0,0,0
Edward LEIGH,10352,Gainsborough,E14000707,Conservative,82,71,93,http://www.wikidata.org/entity/Q749980,Edward LEIGH (Gainsborough),0,0,0,0,0
Edward TIMPSON,14128,Eddisbury,E14000686,Conservative,77,67,86,http://www.wikidata.org/entity/Q272318,Edward TIMPSON (Eddisbury),0,0,0,0,0
Eleanor LAING,10348,Epping Forest,E14000693,Conservative,77,65,88,http://www.wikidata.org/entity/Q750188,Eleanor LAING (Epping Forest),0,0,0,0,1
Elizabeth TRUSS,24941,South West Norfolk,E14000952,Conservative,86,75,98,http://www.wikidata.org/entity/Q272201,Elizabeth TRUSS (South West Norfolk),0,0,0,0,0
Ellie REEVES,25681,Lewisham West and Penge,E14000788,Labour,36,23,48,http://www.wikidata.org/entity/Q30234240,Ellie REEVES (Lewisham West and Penge),0,0,0,0,0
Elliot COLBURN,25907,Carshalton and Wallington,E14000621,Conservative,70,58,82,http://www.wikidata.org/entity/Q76363641,Elliot COLBURN (Carshalton and Wallington),0,0,0,0,0
Emily THORNBERRY,11656,Islington South and Finsbury,E14000764,Labour,40,24,55,http://www.wikidata.org/entity/Q272408,Emily THORNBERRY (Islington South and Finsbury),0,1,0,0,0
Emma HARDY,25646,Kingston upon Hull West and Hessle,E14000773,Labour,33,21,44,http://www.wikidata.org/entity/Q30234242,Emma HARDY (Kingston upon Hull West and Hessle),0,1,0,0,0
Emma LEWELL-BUCK,25181,South Shields,E14000944,Labour,36,19,54,http://www.wikidata.org/entity/Q16190712,Emma LEWELL-BUCK (South Shields),0,0,0,0,0
Esther MCVEY,24882,Tatton,E14000987,Conservative,91,82,100,http://www.wikidata.org/entity/Q584062,Esther MCVEY (Tatton),0,0,0,0,0
Fabian HAMILTON,10256,Leeds North East,E14000779,Labour,31,14,47,http://www.wikidata.org/entity/Q337812,Fabian HAMILTON (Leeds North East),0,0,0,0,0
Fay JONES,25881,Brecon and Radnorshire,W07000068,Conservative,80,62,97,http://www.wikidata.org/entity/Q63929463,Fay JONES (Brecon and Radnorshire),0,0,0,0,0
Felicity BUCHAN,25891,Kensington,E14000768,Conservative,76,60,91,http://www.wikidata.org/entity/Q76362972,Felicity BUCHAN (Kensington),0,0,0,0,0
Feryal CLARK,25896,Enfield North,E14000691,Labour,39,26,52,http://www.wikidata.org/entity/Q75621766,Feryal CLARK (Enfield North),0,1,0,0,0
Fiona BRUCE,24857,Congleton,E14000646,Conservative,83,71,94,http://www.wikidata.org/entity/Q266078,Fiona BRUCE (Congleton),0,0,0,0,0
Fleur ANDERSON,25813,Putney,E14000887,Labour,39,22,56,http://www.wikidata.org/entity/Q75410647,Fleur ANDERSON (Putney),0,0,0,0,0
Flick DRUMMOND,25392,Meon Valley,E14000811,Conservative,77,65,88,http://www.wikidata.org/entity/Q19872756,Flick DRUMMOND (Meon Valley),0,0,0,0,0
Florence ESHALOMI,25759,Vauxhall,E14001008,Labour,25,7,43,http://www.wikidata.org/entity/Q24061230,Florence ESHALOMI (Vauxhall),0,0,0,0,0
Gagan MOHINDRA,25920,South West Hertfordshire,E14000951,Conservative,83,69,96,http://www.wikidata.org/entity/Q76364829,Gagan MOHINDRA (South West Hertfordshire),0,0,0,0,0
Gareth BACON,25750,Orpington,E14000872,Conservative,65,52,79,http://www.wikidata.org/entity/Q5522788,Gareth BACON (Orpington),0,0,0,0,0
Gareth DAVIES,25858,Grantham and Stamford,E14000714,Conservative,69,59,79,http://www.wikidata.org/entity/Q76736582,Gareth DAVIES (Grantham and Stamford),0,0,0,0,0
Gareth JOHNSON,24803,Dartford,E14000659,Conservative,78,68,88,http://www.wikidata.org/entity/Q727981,Gareth JOHNSON (Dartford),0,0,0,0,0
Gareth THOMAS,10594,Harrow West,E14000732,Labour,43,29,57,http://www.wikidata.org/entity/Q272452,Gareth THOMAS (Harrow West),0,1,0,0,0
Gary SAMBROOK,25887,"Birmingham, Northfield",E14000565,Conservative,82,66,98,http://www.wikidata.org/entity/Q76363034,"Gary SAMBROOK (Birmingham, Northfield)",0,0,0,0,0
Gary STREETER,10575,South West Devon,E14000950,Conservative,69,60,79,http://www.wikidata.org/entity/Q328791,Gary STREETER (South West Devon),0,0,0,0,0
Gavin NEWLANDS,25291,Paisley and Renfrewshire North,S14000052,Scottish National Party,41,25,58,http://www.wikidata.org/entity/Q19883145,Gavin NEWLANDS (Paisley and Renfrewshire North),0,0,0,0,0
Gavin WILLIAMSON,24729,South Staffordshire,E14000945,Conservative,79,67,90,http://www.wikidata.org/entity/Q262409,Gavin WILLIAMSON (South Staffordshire),0,0,0,0,0
Geoffrey CLIFTON-BROWN,10119,The Cotswolds,E14000991,Conservative,80,70,90,http://www.wikidata.org/entity/Q285183,Geoffrey CLIFTON-BROWN (The Cotswolds),0,0,0,0,0
Geoffrey COX,11541,Torridge and West Devon,E14001000,Conservative,77,64,89,http://www.wikidata.org/entity/Q291303,Geoffrey COX (Torridge and West Devon),0,0,0,0,0
George EUSTICE,24933,Camborne and Redruth,E14000616,Conservative,77,65,89,http://www.wikidata.org/entity/Q303510,George EUSTICE (Camborne and Redruth),0,0,0,0,0
George FREEMAN,24817,Mid Norfolk,E14000816,Conservative,71,59,83,http://www.wikidata.org/entity/Q390983,George FREEMAN (Mid Norfolk),0,0,1,0,0
George HOWARTH,10292,Knowsley,E14000775,Labour,47,33,60,http://www.wikidata.org/entity/Q689546,George HOWARTH (Knowsley),0,0,0,0,0
Geraint DAVIES,10159,Swansea West,W07000047,Labour,40,27,52,http://www.wikidata.org/entity/Q296866,Geraint DAVIES (Swansea West),0,0,0,0,0
Gerald JONES,25289,Merthyr Tydfil and Rhymney,W07000071,Labour,41,27,55,http://www.wikidata.org/entity/Q20647531,Gerald JONES (Merthyr Tydfil and Rhymney),0,0,0,0,0
Giles WATLING,25644,Clacton,E14000642,Conservative,73,62,85,http://www.wikidata.org/entity/Q5561727,Giles WATLING (Clacton),0,0,0,0,0
Gill FURNISS,25489,"Sheffield, Brightside and Hillsborough",E14000921,Labour,32,14,50,http://www.wikidata.org/entity/Q24034408,"Gill FURNISS (Sheffield, Brightside and Hillsborough)",0,0,0,0,0
Gillian KEEGAN,25670,Chichester,E14000633,Conservative,77,67,87,http://www.wikidata.org/entity/Q30232942,Gillian KEEGAN (Chichester),0,0,1,0,0
Gordon HENDERSON,24828,Sittingbourne and Sheppey,E14000927,Conservative,82,69,94,http://www.wikidata.org/entity/Q673525,Gordon HENDERSON (Sittingbourne and Sheppey),0,0,0,0,0
Graham BRADY,10062,Altrincham and Sale West,E14000532,Conservative,76,62,92,http://www.wikidata.org/entity/Q264662,Graham BRADY (Altrincham and Sale West),0,0,0,0,0
Graham STRINGER,10576,Blackley and Broughton,E14000571,Labour,40,25,55,http://www.wikidata.org/entity/Q328737,Graham STRINGER (Blackley and Broughton),0,0,0,0,0
Graham STUART,11406,Beverley and Holderness,E14000556,Conservative,83,69,96,http://www.wikidata.org/entity/Q328641,Graham STUART (Beverley and Holderness),0,0,0,0,0
Grahame MORRIS,24715,Easington,E14000677,Labour,22,6,38,http://www.wikidata.org/entity/Q580215,Grahame MORRIS (Easington),1,0,0,0,0
Grant SHAPPS,11917,Welwyn Hatfield,E14001027,Conservative,79,66,91,http://www.wikidata.org/entity/Q478596,Grant SHAPPS (Welwyn Hatfield),0,0,0,0,0
Greg CLARK,11884,Tunbridge Wells,E14001004,Conservative,73,63,82,http://www.wikidata.org/entity/Q271800,Greg CLARK (Tunbridge Wells),0,0,1,0,0
Greg HANDS,11610,Chelsea and Fulham,E14000629,Conservative,74,60,88,http://www.wikidata.org/entity/Q478227,Greg HANDS (Chelsea and Fulham),0,0,0,0,0
Greg KNIGHT,11026,East Yorkshire,E14000683,Conservative,69,54,83,http://www.wikidata.org/entity/Q750219,Greg KNIGHT (East Yorkshire),0,0,0,0,0
Greg SMITH,25925,Buckingham,E14000608,Conservative,78,64,91,http://www.wikidata.org/entity/Q76736577,Greg SMITH (Buckingham),0,0,0,0,0
Guy OPPERMAN,24962,Hexham,E14000746,Conservative,76,62,89,http://www.wikidata.org/entity/Q576195,Guy OPPERMAN (Hexham),0,0,1,1,0
Hannah BARDELL,25409,Livingston,S14000044,Scottish National Party,35,19,51,http://www.wikidata.org/entity/Q19882420,Hannah BARDELL (Livingston),0,0,0,0,0
Harriet HARMAN,10260,Camberwell and Peckham,E14000615,Labour,42,26,57,http://www.wikidata.org/entity/Q234182,Harriet HARMAN (Camberwell and Peckham),0,0,0,0,0
Harriett BALDWIN,24785,West Worcestershire,E14001035,Conservative,79,65,93,http://www.wikidata.org/entity/Q260429,Harriett BALDWIN (West Worcestershire),0,0,0,0,0
Heather WHEELER,24769,South Derbyshire,E14000935,Conservative,78,66,90,http://www.wikidata.org/entity/Q264374,Heather WHEELER (South Derbyshire),0,0,0,0,0
Helen GRANT,24796,Maidstone and The Weald,E14000804,Conservative,72,60,83,http://www.wikidata.org/entity/Q391792,Helen GRANT (Maidstone and The Weald),0,0,0,0,0
Helen HAYES,25310,Dulwich and West Norwood,E14000673,Labour,28,12,44,http://www.wikidata.org/entity/Q19874017,Helen HAYES (Dulwich and West Norwood),0,0,0,0,0
Helen MORGAN,26056,North Shropshire,E14000849,Liberal Democrat,43,28,58,http://www.wikidata.org/entity/Q75839196,Helen MORGAN (North Shropshire),0,0,0,0,0
Helen WHATELY,25398,Faversham and Mid Kent,E14000700,Conservative,70,59,80,http://www.wikidata.org/entity/Q20747098,Helen WHATELY (Faversham and Mid Kent),0,0,0,0,0
Henry SMITH,24802,Crawley,E14000652,Conservative,76,64,88,http://www.wikidata.org/entity/Q390849,Henry SMITH (Crawley),0,0,0,0,1
Hilary BENN,10669,Leeds Central,E14000777,Labour,36,19,52,http://www.wikidata.org/entity/Q262742,Hilary BENN (Leeds Central),0,0,0,0,0
Holly LYNCH,25434,Halifax,E14000723,Labour,31,15,47,http://www.wikidata.org/entity/Q20127909,Holly LYNCH (Halifax),0,0,0,0,0
Holly MUMBY-CROFT,25804,Scunthorpe,E14000914,Conservative,75,62,88,http://www.wikidata.org/entity/Q76363388,Holly MUMBY-CROFT (Scunthorpe),0,0,0,0,0
Huw MERRIMAN,25426,Bexhill and Battle,E14000557,Conservative,75,61,89,http://www.wikidata.org/entity/Q20195263,Huw MERRIMAN (Bexhill and Battle),0,0,0,0,0
Hywel WILLIAMS,11323,Arfon,W07000057,Plaid Cymru,18,0,36,http://www.wikidata.org/entity/Q266189,Hywel WILLIAMS (Arfon),0,0,0,0,0
Iain DUNCAN SMITH,10180,Chingford and Woodford Green,E14000634,Conservative,85,72,99,http://www.wikidata.org/entity/Q302486,Iain DUNCAN SMITH (Chingford and Woodford Green),0,0,0,0,1
Iain STEWART,24947,Milton Keynes South,E14000822,Conservative,72,59,84,http://www.wikidata.org/entity/Q328953,Iain STEWART (Milton Keynes South),0,0,0,0,0
Ian BLACKFORD,25361,"Ross, Skye and Lochaber",S14000055,Scottish National Party,30,13,48,http://www.wikidata.org/entity/Q18921442,"Ian BLACKFORD (Ross, Skye and Lochaber)",0,0,0,0,0
Ian BYRNE,25816,"Liverpool, West Derby",E14000796,Labour,19,4,34,http://www.wikidata.org/entity/Q76365836,"Ian BYRNE (Liverpool, West Derby)",1,1,0,0,0
Ian LAVERY,24963,Wansbeck,E14001014,Labour,19,3,35,http://www.wikidata.org/entity/Q750129,Ian LAVERY (Wansbeck),1,0,0,0,0
Ian LEVY,25791,Blyth Valley,E14000575,Conservative,78,64,93,http://www.wikidata.org/entity/Q76363211,Ian LEVY (Blyth Valley),0,0,0,0,0
Ian LIDDELL-GRAINGER,11048,Bridgwater and West Somerset,E14000595,Conservative,75,63,88,http://www.wikidata.org/entity/Q748955,Ian LIDDELL-GRAINGER (Bridgwater and West Somerset),0,0,0,0,0
Ian MEARNS,24919,Gateshead,E14000709,Labour,33,15,50,http://www.wikidata.org/entity/Q583906,Ian MEARNS (Gateshead),1,0,0,0,0
Ian MURRAY,24872,Edinburgh South,S14000024,Labour,45,30,59,http://www.wikidata.org/entity/Q578432,Ian MURRAY (Edinburgh South),0,1,0,0,0
Imran HUSSAIN,25375,Bradford East,E14000587,Labour,32,13,49,http://www.wikidata.org/entity/Q19958134,Imran HUSSAIN (Bradford East),1,0,0,0,0
Jack BRERETON,25698,Stoke-on-Trent South,E14000974,Conservative,78,64,92,http://www.wikidata.org/entity/Q30165535,Jack BRERETON (Stoke-on-Trent South),0,0,0,0,0
Jack LOPRESTI,24716,Filton and Bradley Stoke,E14000702,Conservative,83,70,96,http://www.wikidata.org/entity/Q695257,Jack LOPRESTI (Filton and Bradley Stoke),0,0,0,0,0
Jackie DOYLE-PRICE,24957,Thurrock,E14000995,Conservative,79,62,95,http://www.wikidata.org/entity/Q302036,Jackie DOYLE-PRICE (Thurrock),0,0,0,0,1
Jacob REES-MOGG,24926,North East Somerset,E14000846,Conservative,83,70,96,http://www.wikidata.org/entity/Q574980,Jacob REES-MOGG (North East Somerset),0,0,0,0,1
Jacob YOUNG,25806,Redcar,E14000891,Conservative,73,61,85,http://www.wikidata.org/entity/Q76450659,Jacob YOUNG (Redcar),0,0,0,0,0
Jake BERRY,24860,Rossendale and Darwen,E14000902,Conservative,77,67,87,http://www.wikidata.org/entity/Q263350,Jake BERRY (Rossendale and Darwen),0,0,0,0,0
James CARTLIDGE,25414,South Suffolk,E14000946,Conservative,76,66,87,http://www.wikidata.org/entity/Q19956787,James CARTLIDGE (South Suffolk),0,0,0,0,0
James CLEVERLY,25376,Braintree,E14000590,Conservative,79,67,90,http://www.wikidata.org/entity/Q6131460,James CLEVERLY (Braintree),0,0,0,0,1
James DALY,25905,Bury North,E14000611,Conservative,79,63,95,http://www.wikidata.org/entity/Q76450646,James DALY (Bury North),0,0,0,0,0
James DAVIES,25292,Vale of Clwyd,W07000060,Conservative,79,65,92,http://www.wikidata.org/entity/Q19957303,James DAVIES (Vale of Clwyd),0,0,0,0,0
James DUDDRIDGE,11785,Rochford and Southend East,E14000899,Conservative,79,68,89,http://www.wikidata.org/entity/Q302309,James DUDDRIDGE (Rochford and Southend East),0,0,0,0,1
James GRAY,10240,North Wiltshire,E14000860,Conservative,83,71,95,http://www.wikidata.org/entity/Q391839,James GRAY (North Wiltshire),0,0,0,0,0
James GRUNDY,25812,Leigh,E14000785,Conservative,74,59,89,http://www.wikidata.org/entity/Q76729366,James GRUNDY (Leigh),0,0,0,0,0
James HEAPPEY,25438,Wells,E14001026,Conservative,77,65,89,http://www.wikidata.org/entity/Q19958052,James HEAPPEY (Wells),0,0,0,0,0
James MORRIS,24855,Halesowen and Rowley Regis,E14000722,Conservative,78,62,95,http://www.wikidata.org/entity/Q580086,James MORRIS (Halesowen and Rowley Regis),0,0,0,0,1
James MURRAY,25801,Ealing North,E14000675,Labour,49,34,63,http://www.wikidata.org/entity/Q75292880,James MURRAY (Ealing North),0,0,0,0,0
James SUNDERLAND,25860,Bracknell,E14000586,Conservative,76,63,88,http://www.wikidata.org/entity/Q76449014,James SUNDERLAND (Bracknell),0,0,0,0,0
James WILD,25866,North West Norfolk,E14000859,Conservative,74,61,86,http://www.wikidata.org/entity/Q76450761,James WILD (North West Norfolk),0,0,0,0,0
Jamie STONE,25668,"Caithness, Sutherland and Easter Ross",S14000009,Liberal Democrat,44,29,59,http://www.wikidata.org/entity/Q1681420,"Jamie STONE (Caithness, Sutherland and Easter Ross)",0,0,0,0,0
Jamie WALLIS,25829,Bridgend,W07000073,Conservative,79,62,96,http://www.wikidata.org/entity/Q76363017,Jamie WALLIS (Bridgend),0,0,0,0,0
Jane HUNT,25921,Loughborough,E14000797,Conservative,77,64,89,http://www.wikidata.org/entity/Q76450642,Jane HUNT (Loughborough),0,0,0,0,0
Jane STEVENSON,25807,Wolverhampton North East,E14001049,Conservative,72,57,87,http://www.wikidata.org/entity/Q76736659,Jane STEVENSON (Wolverhampton North East),0,0,0,0,0
Janet DABY,25727,Lewisham East,E14000787,Labour,26,8,43,http://www.wikidata.org/entity/Q55003337,Janet DABY (Lewisham East),0,0,0,0,0
Jason MCCARTNEY,24887,Colne Valley,E14000645,Conservative,76,61,91,http://www.wikidata.org/entity/Q694825,Jason MCCARTNEY (Colne Valley),0,0,0,0,0
Jeff SMITH,25366,"Manchester, Withington",E14000809,Labour,39,24,54,http://www.wikidata.org/entity/Q20648365,"Jeff SMITH (Manchester, Withington)",0,1,0,0,0
Jeremy CORBYN,10133,Islington North,E14000763,Labour,23,6,40,http://www.wikidata.org/entity/Q291169,Jeremy CORBYN (Islington North),1,0,0,0,0
Jeremy HUNT,11859,South West Surrey,E14000953,Conservative,70,56,82,http://www.wikidata.org/entity/Q333533,Jeremy HUNT (South West Surrey),0,0,0,0,0
Jeremy QUIN,25417,Horsham,E14000753,Conservative,76,63,88,http://www.wikidata.org/entity/Q19946187,Jeremy QUIN (Horsham),0,0,0,0,0
Jeremy WRIGHT,11791,Kenilworth and Southam,E14000767,Conservative,76,67,86,http://www.wikidata.org/entity/Q260489,Jeremy WRIGHT (Kenilworth and Southam),0,0,0,0,0
Jerome MAYHEW,25904,Broadland,E14000603,Conservative,73,63,84,http://www.wikidata.org/entity/Q76237363,Jerome MAYHEW (Broadland),0,0,1,0,0
Jess PHILLIPS,25364,"Birmingham, Yardley",E14000568,Labour,32,15,47,http://www.wikidata.org/entity/Q19979409,"Jess PHILLIPS (Birmingham, Yardley)",0,0,0,0,0
Jesse NORMAN,24827,Hereford and South Herefordshire,E14000743,Conservative,74,58,89,http://www.wikidata.org/entity/Q577024,Jesse NORMAN (Hereford and South Herefordshire),0,0,0,0,0
Jessica MORDEN,11732,Newport East,W07000055,Labour,36,21,50,http://www.wikidata.org/entity/Q580431,Jessica MORDEN (Newport East),0,0,0,0,0
Jill MORTIMER,25984,Hartlepool,E14000733,Conservative,75,59,91,http://www.wikidata.org/entity/Q75179504,Jill MORTIMER (Hartlepool),0,0,0,0,0
Jim MCMAHON,25475,Oldham West and Royton,E14000871,Labour,28,10,45,http://www.wikidata.org/entity/Q17306267,Jim MCMAHON (Oldham West and Royton),0,1,0,0,0
Jo CHURCHILL,25408,Bury St Edmunds,E14000613,Conservative,74,62,85,http://www.wikidata.org/entity/Q19872133,Jo CHURCHILL (Bury St Edmunds),0,0,0,0,0
Jo GIDEON,25882,Stoke-on-Trent Central,E14000972,Conservative,60,45,74,http://www.wikidata.org/entity/Q76450664,Jo GIDEON (Stoke-on-Trent Central),0,0,0,0,0
Joanna CHERRY,25404,Edinburgh South West,S14000025,Scottish National Party,30,15,46,http://www.wikidata.org/entity/Q19882967,Joanna CHERRY (Edinburgh South West),0,0,0,0,0
John BARON,10715,Basildon and Billericay,E14000544,Conservative,85,74,96,http://www.wikidata.org/entity/Q337720,John BARON (Basildon and Billericay),0,0,0,0,0
John CRYER,10143,Leyton and Wanstead,E14000790,Labour,39,26,52,http://www.wikidata.org/entity/Q291615,John CRYER (Leyton and Wanstead),0,0,0,0,0
John GLEN,24839,Salisbury,E14000912,Conservative,76,64,88,http://www.wikidata.org/entity/Q391465,John GLEN (Salisbury),0,0,0,0,0
John HAYES,10265,South Holland and The Deepings,E14000939,Conservative,84,73,95,http://www.wikidata.org/entity/Q478686,John HAYES (South Holland and The Deepings),0,0,0,0,0
John HEALEY,10268,Wentworth and Dearne,E14001028,Labour,39,23,55,http://www.wikidata.org/entity/Q615077,John HEALEY (Wentworth and Dearne),0,1,0,0,0
John HOWELL,14131,Henley,E14000742,Conservative,70,61,80,http://www.wikidata.org/entity/Q689627,John HOWELL (Henley),0,0,0,0,0
John LAMONT,14026,"Berwickshire, Roxburgh and Selkirk",S14000008,Conservative,74,61,87,http://www.wikidata.org/entity/Q1700778,"John LAMONT (Berwickshire, Roxburgh and Selkirk)",0,0,0,1,0
John MCNALLY,25271,Falkirk,S14000028,Scottish National Party,28,13,45,http://www.wikidata.org/entity/Q19882661,John MCNALLY (Falkirk),0,0,0,0,0
John Martin MCDONNELL,10383,Hayes and Harlington,E14000737,Labour,14,0,29,http://www.wikidata.org/entity/Q694695,John Martin MCDONNELL (Hayes and Harlington),1,0,0,0,0
John NICOLSON,25281,Ochil and South Perthshire,S14000050,Scottish National Party,29,15,43,http://www.wikidata.org/entity/Q14948811,John NICOLSON (Ochil and South Perthshire),0,0,0,0,0
John PENROSE,11924,Weston-Super-Mare,E14001038,Conservative,72,59,86,http://www.wikidata.org/entity/Q575513,John PENROSE (Weston-Super-Mare),0,0,0,0,1
John REDWOOD,10499,Wokingham,E14001048,Conservative,94,83,100,http://www.wikidata.org/entity/Q333846,John REDWOOD (Wokingham),0,0,0,0,0
John SPELLAR,10558,Warley,E14001016,Labour,28,10,46,http://www.wikidata.org/entity/Q389677,John SPELLAR (Warley),0,0,0,0,0
John STEVENSON,24799,Carlisle,E14000620,Conservative,72,59,85,http://www.wikidata.org/entity/Q341538,John STEVENSON (Carlisle),0,0,0,0,0
John WHITTINGDALE,10632,Maldon,E14000806,Conservative,75,64,86,http://www.wikidata.org/entity/Q264684,John WHITTINGDALE (Maldon),0,0,0,0,1
Johnny MERCER,25367,"Plymouth, Moor View",E14000879,Conservative,75,63,87,http://www.wikidata.org/entity/Q20127929,"Johnny MERCER (Plymouth, Moor View)",0,0,0,1,0
Jon ASHWORTH,25120,Leicester South,E14000783,Labour,38,21,54,http://www.wikidata.org/entity/Q259895,Jon ASHWORTH (Leicester South),0,1,0,0,0
Jon CRUDDAS,10828,Dagenham and Rainham,E14000657,Labour,27,14,40,http://www.wikidata.org/entity/Q291591,Jon CRUDDAS (Dagenham and Rainham),0,1,0,0,0
Jon TRICKETT,10604,Hemsworth,E14000740,Labour,25,7,42,http://www.wikidata.org/entity/Q272234,Jon TRICKETT (Hemsworth),1,0,0,0,0
Jonathan DJANOGLY,10854,Huntingdon,E14000757,Conservative,74,62,86,http://www.wikidata.org/entity/Q300142,Jonathan DJANOGLY (Huntingdon),0,0,0,0,1
Jonathan EDWARDS,24743,Carmarthen East and Dinefwr,W07000067,Plaid Cymru,26,11,40,http://www.wikidata.org/entity/Q302892,Jonathan EDWARDS (Carmarthen East and Dinefwr),0,0,0,0,0
Jonathan GULLIS,25898,Stoke-on-Trent North,E14000973,Conservative,80,69,91,http://www.wikidata.org/entity/Q76363124,Jonathan GULLIS (Stoke-on-Trent North),0,0,0,0,1
Jonathan LORD,24884,Woking,E14001047,Conservative,82,68,97,http://www.wikidata.org/entity/Q695241,Jonathan LORD (Woking),0,0,0,0,0
Jonathan REYNOLDS,24929,Stalybridge and Hyde,E14000967,Labour,37,21,52,http://www.wikidata.org/entity/Q501926,Jonathan REYNOLDS (Stalybridge and Hyde),0,1,0,0,0
Joy MORRISSEY,25878,Beaconsfield,E14000550,Conservative,73,59,86,http://www.wikidata.org/entity/Q63929106,Joy MORRISSEY (Beaconsfield),0,0,0,0,0
Judith CUMMINS,25393,Bradford South,E14000588,Labour,31,15,47,http://www.wikidata.org/entity/Q19957188,Judith CUMMINS (Bradford South),0,1,0,0,0
Julia LOPEZ,25652,Hornchurch and Upminster,E14000751,Conservative,75,63,87,http://www.wikidata.org/entity/Q30174734,Julia LOPEZ (Hornchurch and Upminster),0,0,0,0,0
Julian KNIGHT,25388,Solihull,E14000931,Conservative,71,56,86,http://www.wikidata.org/entity/Q20647567,Julian KNIGHT (Solihull),0,0,0,0,0
Julian LEWIS,10358,New Forest East,E14000827,Conservative,80,68,92,http://www.wikidata.org/entity/Q749612,Julian LEWIS (New Forest East),0,0,0,0,0
Julian SMITH,24961,Skipton and Ripon,E14000928,Conservative,75,64,86,http://www.wikidata.org/entity/Q390794,Julian SMITH (Skipton and Ripon),0,0,0,0,0
Julian STURDY,24853,York Outer,E14001062,Conservative,77,65,88,http://www.wikidata.org/entity/Q328608,Julian STURDY (York Outer),0,0,0,0,0
Julie ELLIOTT,24710,Sunderland Central,E14000982,Labour,38,20,55,http://www.wikidata.org/entity/Q303011,Julie ELLIOTT (Sunderland Central),0,0,0,0,0
Julie MARSON,25879,Hertford and Stortford,E14000744,Conservative,75,62,87,http://www.wikidata.org/entity/Q76362964,Julie MARSON (Hertford and Stortford),0,0,0,0,0
Justin MADDERS,25378,Ellesmere Port and Neston,E14000688,Labour,34,21,47,http://www.wikidata.org/entity/Q20647673,Justin MADDERS (Ellesmere Port and Neston),0,1,0,0,0
Justin TOMLINSON,24870,North Swindon,E14000851,Conservative,82,68,95,http://www.wikidata.org/entity/Q272288,Justin TOMLINSON (North Swindon),0,0,0,0,0
Karen BRADLEY,24725,Staffordshire Moorlands,E14000966,Conservative,74,63,86,http://www.wikidata.org/entity/Q264560,Karen BRADLEY (Staffordshire Moorlands),0,0,0,0,0
Karen BUCK,10075,Westminster North,E14001036,Labour,34,16,51,http://www.wikidata.org/entity/Q266238,Karen BUCK (Westminster North),0,1,0,0,0
Karl MCCARTNEY,24790,Lincoln,E14000792,Conservative,83,72,94,http://www.wikidata.org/entity/Q694811,Karl MCCARTNEY (Lincoln),0,0,0,0,0
Karl TURNER,24767,Kingston upon Hull East,E14000771,Labour,28,14,44,http://www.wikidata.org/entity/Q272123,Karl TURNER (Kingston upon Hull East),0,1,0,0,0
Kate HOLLERN,25298,Blackburn,E14000570,Labour,28,11,45,http://www.wikidata.org/entity/Q19874280,Kate HOLLERN (Blackburn),0,0,0,0,0
Kate KNIVETON,25839,Burton,E14000610,Conservative,68,56,79,http://www.wikidata.org/entity/Q76364163,Kate KNIVETON (Burton),0,0,0,0,0
Kate OSAMOR,25365,Edmonton,E14000687,Labour,25,10,41,http://www.wikidata.org/entity/Q20022488,Kate OSAMOR (Edmonton),1,0,0,0,0
Kate OSBORNE,25794,Jarrow,E14000765,Labour,24,7,41,http://www.wikidata.org/entity/Q76450728,Kate OSBORNE (Jarrow),1,0,0,0,0
Katherine FLETCHER,25830,South Ribble,E14000943,Conservative,76,65,86,http://www.wikidata.org/entity/Q76362908,Katherine FLETCHER (South Ribble),0,0,0,0,0
Keir MATHER,26271,Selby and Ainsty,E14000917,Labour,39,26,52,http://www.wikidata.org/entity/Q120780806,Keir MATHER (Selby and Ainsty),0,0,0,0,0
Keir STARMER,25353,Holborn and St Pancras,E14000750,Labour,44,37,53,http://www.wikidata.org/entity/Q6383803,Keir STARMER (Holborn and St Pancras),0,1,0,0,0
Kelly TOLHURST,25430,Rochester and Strood,E14000898,Conservative,73,59,86,http://www.wikidata.org/entity/Q20055581,Kelly TOLHURST (Rochester and Strood),0,0,0,0,0
Kemi BADENOCH,25693,Saffron Walden,E14000910,Conservative,82,72,92,http://www.wikidata.org/entity/Q21592171,Kemi BADENOCH (Saffron Walden),0,0,0,0,0
Kenny MACASKILL,14031,East Lothian,S14000020,Scottish National Party,22,5,39,http://www.wikidata.org/entity/Q983174,Kenny MACASKILL (East Lothian),0,0,0,0,0
Kevan JONES,11003,North Durham,E14000840,Labour,41,26,55,http://www.wikidata.org/entity/Q750411,Kevan JONES (North Durham),0,0,0,0,0
Kevin FOSTER,25338,Torbay,E14000999,Conservative,76,62,90,http://www.wikidata.org/entity/Q19873325,Kevin FOSTER (Torbay),0,0,0,0,0
Kevin HOLLINRAKE,25415,Thirsk and Malton,E14000993,Conservative,74,61,87,http://www.wikidata.org/entity/Q19958100,Kevin HOLLINRAKE (Thirsk and Malton),0,0,0,0,0
Khalid MAHMOOD,11087,"Birmingham, Perry Barr",E14000566,Labour,28,11,45,http://www.wikidata.org/entity/Q695028,"Khalid MAHMOOD (Birmingham, Perry Barr)",0,0,0,0,0
Kieran MULLAN,25883,Crewe and Nantwich,E14000653,Conservative,78,66,90,http://www.wikidata.org/entity/Q76364848,Kieran MULLAN (Crewe and Nantwich),0,0,0,0,0
Kim JOHNSON,25803,"Liverpool, Riverside",E14000793,Labour,20,5,35,http://www.wikidata.org/entity/Q76449002,"Kim JOHNSON (Liverpool, Riverside)",1,0,0,0,0
Kim LEADBEATER,26040,Batley and Spen,E14000548,Labour,32,15,49,http://www.wikidata.org/entity/Q107009776,Kim LEADBEATER (Batley and Spen),0,0,0,0,0
Kit MALTHOUSE,25346,North West Hampshire,E14000857,Conservative,79,69,90,http://www.wikidata.org/entity/Q6417459,Kit MALTHOUSE (North West Hampshire),0,0,0,0,1
Kwasi KWARTENG,24770,Spelthorne,E14000959,Conservative,82,68,97,http://www.wikidata.org/entity/Q750204,Kwasi KWARTENG (Spelthorne),0,0,0,0,0
Laura FARRIS,25835,Newbury,E14000830,Conservative,72,61,83,http://www.wikidata.org/entity/Q76363401,Laura FARRIS (Newbury),0,0,1,0,0
Laura TROTT,25851,Sevenoaks,E14000918,Conservative,76,66,87,http://www.wikidata.org/entity/Q76449016,Laura TROTT (Sevenoaks),0,0,0,0,0
Laurence ROBERTSON,10505,Tewkesbury,E14000990,Conservative,79,68,89,http://www.wikidata.org/entity/Q480148,Laurence ROBERTSON (Tewkesbury),0,0,0,0,0
Layla MORAN,25689,Oxford West and Abingdon,E14000874,Liberal Democrat,40,29,51,http://www.wikidata.org/entity/Q30223601,Layla MORAN (Oxford West and Abingdon),0,0,0,0,0
Lee ANDERSON,25894,Ashfield,E14000535,Conservative,68,55,81,http://www.wikidata.org/entity/Q76736589,Lee ANDERSON (Ashfield),0,0,0,0,0
Lee ROWLEY,25685,North East Derbyshire,E14000843,Conservative,78,67,90,http://www.wikidata.org/entity/Q30165327,Lee ROWLEY (North East Derbyshire),0,0,0,0,0
Leo DOCHERTY,25628,Aldershot,E14000530,Conservative,75,62,88,http://www.wikidata.org/entity/Q30234245,Leo DOCHERTY (Aldershot),0,0,0,0,0
Lia NICI,25865,Great Grimsby,E14000716,Conservative,78,62,94,http://www.wikidata.org/entity/Q76363431,Lia NICI (Great Grimsby),0,0,0,0,0
Liam BYRNE,11360,"Birmingham, Hodge Hill",E14000563,Labour,41,23,58,http://www.wikidata.org/entity/Q269697,"Liam BYRNE (Birmingham, Hodge Hill)",0,0,0,0,0
Liam FOX,10213,North Somerset,E14000850,Conservative,76,64,88,http://www.wikidata.org/entity/Q332374,Liam FOX (North Somerset),0,0,0,0,1
Lilian GREENWOOD,24774,Nottingham South,E14000867,Labour,38,20,54,http://www.wikidata.org/entity/Q392064,Lilian GREENWOOD (Nottingham South),0,1,0,0,0
Lindsay HOYLE,10295,Chorley,E14000637,Labour,41,29,53,http://www.wikidata.org/entity/Q689660,Lindsay HOYLE (Chorley),0,0,0,0,0
Lisa CAMERON,25276,"East Kilbride, Strathaven and Lesmahagow",S14000019,Scottish National Party,44,33,55,http://www.wikidata.org/entity/Q19871819,"Lisa CAMERON (East Kilbride, Strathaven and Lesmahagow)",0,0,0,0,0
Lisa NANDY,24831,Wigan,E14001039,Labour,30,14,46,http://www.wikidata.org/entity/Q578037,Lisa NANDY (Wigan),0,1,0,0,0
Liz KENDALL,24816,Leicester West,E14000784,Labour,41,24,58,http://www.wikidata.org/entity/Q750260,Liz KENDALL (Leicester West),0,0,0,0,0
Liz SAVILLE-ROBERTS,25302,Dwyfor Meirionnydd,W07000061,Plaid Cymru,18,1,36,http://www.wikidata.org/entity/Q19868633,Liz SAVILLE-ROBERTS (Dwyfor Meirionnydd),0,0,0,0,0
Liz TWIST,25623,Blaydon,E14000574,Labour,38,24,52,http://www.wikidata.org/entity/Q30165748,Liz TWIST (Blaydon),0,0,0,0,0
Lloyd RUSSELL-MOYLE,25667,"Brighton, Kemptown",E14000597,Labour,18,6,29,http://www.wikidata.org/entity/Q30165113,"Lloyd RUSSELL-MOYLE (Brighton, Kemptown)",1,0,0,0,0
Louie FRENCH,26055,Old Bexley and Sidcup,E14000869,Conservative,70,55,83,http://www.wikidata.org/entity/Q76363567,Louie FRENCH (Old Bexley and Sidcup),0,0,0,0,0
Louise HAIGH,25357,"Sheffield, Heeley",E14000923,Labour,34,17,51,http://www.wikidata.org/entity/Q19957992,"Louise HAIGH (Sheffield, Heeley)",0,1,0,0,0
Lucy ALLAN,25337,Telford,E14000989,Conservative,83,71,94,http://www.wikidata.org/entity/Q16150309,Lucy ALLAN (Telford),0,0,0,0,0
Lucy FRAZER,25399,South East Cambridgeshire,E14000937,Conservative,74,62,87,http://www.wikidata.org/entity/Q19957811,Lucy FRAZER (South East Cambridgeshire),0,0,0,0,0
Lucy POWELL,25165,Manchester Central,E14000807,Labour,44,29,60,http://www.wikidata.org/entity/Q6698469,Lucy POWELL (Manchester Central),0,1,0,0,0
Luke EVANS,25805,Bosworth,E14000583,Conservative,78,65,90,http://www.wikidata.org/entity/Q76450645,Luke EVANS (Bosworth),0,0,0,0,0
Luke HALL,25373,Thornbury and Yate,E14000994,Conservative,73,59,86,http://www.wikidata.org/entity/Q19957996,Luke HALL (Thornbury and Yate),0,0,0,0,0
Luke POLLARD,25690,"Plymouth, Sutton and Devonport",E14000880,Labour,31,17,46,http://www.wikidata.org/entity/Q30164902,"Luke POLLARD (Plymouth, Sutton and Devonport)",0,0,0,0,0
Lyn BROWN,11921,West Ham,E14001032,Labour,37,22,50,http://www.wikidata.org/entity/Q265870,Lyn BROWN (West Ham),0,1,0,0,0
Maggie THROUP,25371,Erewash,E14000695,Conservative,69,58,80,http://www.wikidata.org/entity/Q20647819,Maggie THROUP (Erewash),0,0,0,0,0
Marco LONGHI,25917,Dudley North,E14000671,Conservative,86,71,99,http://www.wikidata.org/entity/Q76363678,Marco LONGHI (Dudley North),0,0,0,0,0
Marcus FYSH,25384,Yeovil,E14001060,Conservative,85,73,96,http://www.wikidata.org/entity/Q19873418,Marcus FYSH (Yeovil),0,0,0,0,0
Marcus JONES,24745,Nuneaton,E14000868,Conservative,77,67,86,http://www.wikidata.org/entity/Q750398,Marcus JONES (Nuneaton),0,0,0,0,0
Margaret BECKETT,10031,Derby South,E14000663,Labour,35,24,47,http://www.wikidata.org/entity/Q232639,Margaret BECKETT (Derby South),0,1,0,0,0
Margaret FERRIER,25287,Rutherglen and Hamilton West,S14000056,Scottish National Party,34,21,47,http://www.wikidata.org/entity/Q19883129,Margaret FERRIER (Rutherglen and Hamilton West),0,0,0,0,0
Margaret GREENWOOD,25349,Wirral West,E14001044,Labour,20,6,34,http://www.wikidata.org/entity/Q19957949,Margaret GREENWOOD (Wirral West),0,0,0,0,0
Margaret HODGE,10281,Barking,E14000540,Labour,42,28,56,http://www.wikidata.org/entity/Q688913,Margaret HODGE (Barking),0,0,0,0,0
Maria CAULFIELD,25397,Lewes,E14000786,Conservative,74,64,85,http://www.wikidata.org/entity/Q19956815,Maria CAULFIELD (Lewes),0,0,0,0,0
Maria EAGLE,10183,Garston and Halewood,E14000708,Labour,43,30,56,http://www.wikidata.org/entity/Q302815,Maria EAGLE (Garston and Halewood),0,0,0,0,0
Maria MILLER,11389,Basingstoke,E14000545,Conservative,68,58,78,http://www.wikidata.org/entity/Q334261,Maria MILLER (Basingstoke),0,0,0,0,0
Marie RIMMER,25321,St Helens South and Whiston,E14000963,Labour,36,22,50,http://www.wikidata.org/entity/Q20648527,Marie RIMMER (St Helens South and Whiston),0,0,0,0,0
Marion FELLOWS,25277,Motherwell and Wishaw,S14000047,Scottish National Party,38,24,52,http://www.wikidata.org/entity/Q19881816,Marion FELLOWS (Motherwell and Wishaw),0,0,0,0,0
Mark EASTWOOD,25923,Dewsbury,E14000666,Conservative,81,65,97,http://www.wikidata.org/entity/Q76362999,Mark EASTWOOD (Dewsbury),0,0,0,0,0
Mark FLETCHER,25903,Bolsover,E14000577,Conservative,74,63,86,http://www.wikidata.org/entity/Q76729347,Mark FLETCHER (Bolsover),0,0,0,0,0
Mark FRANCOIS,10901,Rayleigh and Wickford,E14000888,Conservative,88,77,99,http://www.wikidata.org/entity/Q390869,Mark FRANCOIS (Rayleigh and Wickford),0,0,0,0,1
Mark GARNIER,24824,Wyre Forest,E14001058,Conservative,81,68,93,http://www.wikidata.org/entity/Q391222,Mark GARNIER (Wyre Forest),0,0,1,0,0
Mark HARPER,11588,Forest of Dean,E14000705,Conservative,78,67,88,http://www.wikidata.org/entity/Q478276,Mark HARPER (Forest of Dean),0,0,0,0,0
Mark HENDRICK,10682,Preston,E14000885,Labour,41,28,54,http://www.wikidata.org/entity/Q673628,Mark HENDRICK (Preston),0,1,0,0,0
Mark JENKINSON,25792,Workington,E14001053,Conservative,93,81,100,http://www.wikidata.org/entity/Q76450655,Mark JENKINSON (Workington),0,0,0,0,0
Mark LOGAN,25886,Bolton North East,E14000578,Conservative,67,51,82,http://www.wikidata.org/entity/Q76448969,Mark LOGAN (Bolton North East),0,0,0,0,0
Mark MENZIES,24804,Fylde,E14000706,Conservative,76,65,87,http://www.wikidata.org/entity/Q583750,Mark MENZIES (Fylde),0,0,0,0,0
Mark PAWSEY,24880,Rugby,E14000905,Conservative,73,61,84,http://www.wikidata.org/entity/Q575693,Mark PAWSEY (Rugby),0,0,0,0,0
Mark PRITCHARD,11946,The Wrekin,E14000992,Conservative,81,69,92,http://www.wikidata.org/entity/Q575183,Mark PRITCHARD (The Wrekin),0,0,0,0,0
Mark SPENCER,24909,Sherwood,E14000924,Conservative,74,60,86,http://www.wikidata.org/entity/Q389189,Mark SPENCER (Sherwood),0,0,0,0,0
Mark TAMI,11267,Alyn and Deeside,W07000043,Labour,37,22,52,http://www.wikidata.org/entity/Q272569,Mark TAMI (Alyn and Deeside),0,0,0,0,0
Marsha DE CORDOVA,25620,Battersea,E14000549,Labour,25,9,40,http://www.wikidata.org/entity/Q30163501,Marsha DE CORDOVA (Battersea),1,1,0,0,0
Martin VICKERS,24814,Cleethorpes,E14000643,Conservative,83,71,95,http://www.wikidata.org/entity/Q266905,Martin VICKERS (Cleethorpes),0,0,0,0,1
Martyn DAY,25307,Linlithgow and East Falkirk,S14000043,Scottish National Party,37,22,51,http://www.wikidata.org/entity/Q19883087,Martyn DAY (Linlithgow and East Falkirk),0,0,0,0,0
Mary FOY,25833,City of Durham,E14000641,Labour,39,25,54,http://www.wikidata.org/entity/Q76363590,Mary FOY (City of Durham),1,0,0,0,0
Mary GLINDON,24927,North Tyneside,E14000853,Labour,32,13,49,http://www.wikidata.org/entity/Q391483,Mary GLINDON (North Tyneside),0,0,0,0,0
Mary ROBINSON,25405,Cheadle,E14000627,Conservative,74,60,89,http://www.wikidata.org/entity/Q20648564,Mary ROBINSON (Cheadle),0,0,0,0,0
Matt RODDA,25691,Reading East,E14000889,Labour,36,24,49,http://www.wikidata.org/entity/Q30164903,Matt RODDA (Reading East),0,0,0,0,0
Matt VICKERS,25853,Stockton South,E14000971,Conservative,69,56,81,http://www.wikidata.org/entity/Q76362976,Matt VICKERS (Stockton South),0,0,0,0,0
Matt WARMAN,25395,Boston and Skegness,E14000582,Conservative,71,59,82,http://www.wikidata.org/entity/Q20648556,Matt WARMAN (Boston and Skegness),0,0,0,0,0
Matt WESTERN,25701,Warwick and Leamington,E14001019,Labour,30,17,42,http://www.wikidata.org/entity/Q30164376,Matt WESTERN (Warwick and Leamington),0,0,0,0,0
Matthew HANCOCK,24773,West Suffolk,E14001034,Conservative,72,61,82,http://www.wikidata.org/entity/Q478161,Matthew HANCOCK (West Suffolk),0,0,1,0,0
Matthew OFFORD,24955,Hendon,E14000741,Conservative,69,54,85,http://www.wikidata.org/entity/Q576537,Matthew OFFORD (Hendon),0,0,0,0,0
Matthew PENNYCOOK,25379,Greenwich and Woolwich,E14000718,Labour,35,20,50,http://www.wikidata.org/entity/Q20203414,Matthew PENNYCOOK (Greenwich and Woolwich),0,1,0,0,0
Meg HILLIER,11605,Hackney South and Shoreditch,E14000721,Labour,35,21,50,http://www.wikidata.org/entity/Q676658,Meg HILLIER (Hackney South and Shoreditch),0,0,0,0,0
Mel STRIDE,24914,Central Devon,E14000623,Conservative,76,65,87,http://www.wikidata.org/entity/Q328769,Mel STRIDE (Central Devon),0,0,0,0,0
Mhairi BLACK,25269,Paisley and Renfrewshire South,S14000053,Scottish National Party,17,0,34,http://www.wikidata.org/entity/Q19863151,Mhairi BLACK (Paisley and Renfrewshire South),0,0,0,0,0
Michael ELLIS,24866,Northampton North,E14000861,Conservative,76,65,87,http://www.wikidata.org/entity/Q303085,Michael ELLIS (Northampton North),0,0,0,0,0
Michael FABRICANT,10193,Lichfield,E14000791,Conservative,87,76,98,http://www.wikidata.org/entity/Q304027,Michael FABRICANT (Lichfield),0,0,0,0,0
Michael GOVE,11858,Surrey Heath,E14000983,Conservative,68,57,78,http://www.wikidata.org/entity/Q333937,Michael GOVE (Surrey Heath),0,0,0,0,1
Michael TOMLINSON,25422,Mid Dorset and North Poole,E14000815,Conservative,79,66,90,http://www.wikidata.org/entity/Q20647896,Michael TOMLINSON (Mid Dorset and North Poole),0,0,0,0,1
Michelle DONELAN,25316,Chippenham,E14000635,Conservative,72,59,85,http://www.wikidata.org/entity/Q19872694,Michelle DONELAN (Chippenham),0,0,0,0,0
Mick WHITLEY,25798,Birkenhead,E14000559,Labour,19,5,33,http://www.wikidata.org/entity/Q76363909,Mick WHITLEY (Birkenhead),0,0,0,0,0
Mike AMESBURY,25702,Weaver Vale,E14001024,Labour,23,9,37,http://www.wikidata.org/entity/Q30223596,Mike AMESBURY (Weaver Vale),0,0,0,0,0
Mike FREER,24934,Finchley and Golders Green,E14000703,Conservative,82,67,96,http://www.wikidata.org/entity/Q391008,Mike FREER (Finchley and Golders Green),0,0,0,0,0
Mike KANE,25220,Wythenshawe and Sale East,E14001059,Labour,34,17,51,http://www.wikidata.org/entity/Q16190632,Mike KANE (Wythenshawe and Sale East),0,0,0,0,0
Mike PENNING,11626,Hemel Hempstead,E14000739,Conservative,77,61,93,http://www.wikidata.org/entity/Q575593,Mike PENNING (Hemel Hempstead),0,0,0,0,0
Mike WOOD,25362,Dudley South,E14000672,Conservative,78,60,95,http://www.wikidata.org/entity/Q20648325,Mike WOOD (Dudley South),0,0,0,0,1
Mims DAVIES,25330,Mid Sussex,E14000817,Conservative,71,58,83,http://www.wikidata.org/entity/Q19957306,Mims DAVIES (Mid Sussex),0,0,0,0,0
Miriam CATES,25897,Penistone and Stocksbridge,E14000876,Conservative,72,56,88,http://www.wikidata.org/entity/Q76363500,Miriam CATES (Penistone and Stocksbridge),0,0,0,0,0
Mohammad YASIN,25649,Bedford,E14000552,Labour,30,13,45,http://www.wikidata.org/entity/Q30234247,Mohammad YASIN (Bedford),0,0,0,0,0
Munira WILSON,25820,Twickenham,E14001005,Liberal Democrat,57,43,71,http://www.wikidata.org/entity/Q75838676,Munira WILSON (Twickenham),0,0,0,0,0
Nadhim ZAHAWI,24822,Stratford-on-Avon,E14000977,Conservative,79,68,89,http://www.wikidata.org/entity/Q259361,Nadhim ZAHAWI (Stratford-on-Avon),0,0,0,0,0
Nadia WHITTOME,25845,Nottingham East,E14000865,Labour,23,4,41,http://www.wikidata.org/entity/Q76363111,Nadia WHITTOME (Nottingham East),1,0,0,0,0
Nadine DORRIES,11397,Mid Bedfordshire,E14000813,Conservative,83,72,94,http://www.wikidata.org/entity/Q258586,Nadine DORRIES (Mid Bedfordshire),0,0,0,0,0
Naseem SHAH,25385,Bradford West,E14000589,Labour,30,14,46,http://www.wikidata.org/entity/Q19882845,Naseem SHAH (Bradford West),0,0,0,0,0
Natalie ELPHICKE,25831,Dover,E14000670,Conservative,85,75,96,http://www.wikidata.org/entity/Q42846975,Natalie ELPHICKE (Dover),0,0,0,0,1
Navendu MISHRA,25836,Stockport,E14000969,Labour,34,17,51,http://www.wikidata.org/entity/Q75720091,Navendu MISHRA (Stockport),1,0,0,0,0
Neale HANVEY,25873,Kirkcaldy and Cowdenbeath,S14000041,Scottish National Party,31,17,45,http://www.wikidata.org/entity/Q75818970,Neale HANVEY (Kirkcaldy and Cowdenbeath),0,0,0,0,0
Neil COYLE,25326,Bermondsey and Old Southwark,E14000553,Labour,41,23,58,http://www.wikidata.org/entity/Q19957144,Neil COYLE (Bermondsey and Old Southwark),0,0,0,0,0
Neil HUDSON,25875,Penrith and The Border,E14000877,Conservative,71,59,82,http://www.wikidata.org/entity/Q76364169,Neil HUDSON (Penrith and The Border),0,0,0,0,0
Neil O'BRIEN,25679,Harborough,E14000728,Conservative,72,59,84,http://www.wikidata.org/entity/Q6989101,Neil O'BRIEN (Harborough),0,0,0,0,0
Nia GRIFFITH,11692,Llanelli,W07000045,Labour,32,17,46,http://www.wikidata.org/entity/Q392101,Nia GRIFFITH (Llanelli),0,1,0,0,0
Nicholas FLETCHER,25859,Don Valley,E14000667,Conservative,75,59,92,http://www.wikidata.org/entity/Q76736648,Nicholas FLETCHER (Don Valley),0,0,0,0,0
Nick BROWN,10069,Newcastle upon Tyne East,E14000832,Labour,34,17,50,http://www.wikidata.org/entity/Q265935,Nick BROWN (Newcastle upon Tyne East),0,0,0,0,0
Nick GIBB,10225,Bognor Regis and Littlehampton,E14000576,Conservative,78,67,90,http://www.wikidata.org/entity/Q391300,Nick GIBB (Bognor Regis and Littlehampton),0,0,0,0,0
Nick THOMAS-SYMONDS,25279,Torfaen,W07000053,Labour,36,18,54,http://www.wikidata.org/entity/Q20648913,Nick THOMAS-SYMONDS (Torfaen),0,1,0,0,0
Nickie AIKEN,25817,Cities of London and Westminster,E14000639,Conservative,84,69,98,http://www.wikidata.org/entity/Q56709363,Nickie AIKEN (Cities of London and Westminster),0,0,0,0,0
Nicola RICHARDS,25834,West Bromwich East,E14001029,Conservative,76,60,92,http://www.wikidata.org/entity/Q76363721,Nicola RICHARDS (West Bromwich East),0,0,0,0,0
Nigel EVANS,10190,Ribble Valley,E14000894,Conservative,80,69,90,http://www.wikidata.org/entity/Q303814,Nigel EVANS (Ribble Valley),0,0,0,0,0
Nigel HUDDLESTON,25381,Mid Worcestershire,E14000818,Conservative,73,61,85,http://www.wikidata.org/entity/Q16211496,Nigel HUDDLESTON (Mid Worcestershire),0,0,0,1,0
Nigel MILLS,24965,Amber Valley,E14000533,Conservative,70,59,81,http://www.wikidata.org/entity/Q580847,Nigel MILLS (Amber Valley),0,0,0,0,1
Nusrat GHANI,25354,Wealden,E14001023,Conservative,80,69,91,http://www.wikidata.org/entity/Q19957887,Nusrat GHANI (Wealden),0,0,0,0,0
Oliver DOWDEN,25323,Hertsmere,E14000745,Conservative,71,58,83,http://www.wikidata.org/entity/Q19957590,Oliver DOWDEN (Hertsmere),0,0,0,0,0
Oliver HEALD,10267,North East Hertfordshire,E14000845,Conservative,78,66,90,http://www.wikidata.org/entity/Q478711,Oliver HEALD (North East Hertfordshire),0,0,0,0,0
Olivia BLAKE,25908,"Sheffield, Hallam",E14000922,Labour,24,5,42,http://www.wikidata.org/entity/Q76363044,"Olivia BLAKE (Sheffield, Hallam)",1,0,0,0,0
Owen THOMPSON,25278,Midlothian,S14000045,Scottish National Party,23,5,41,http://www.wikidata.org/entity/Q19883152,Owen THOMPSON (Midlothian),0,0,0,0,0
Pat MCFADDEN,11936,Wolverhampton South East,E14001050,Labour,32,16,48,http://www.wikidata.org/entity/Q694676,Pat MCFADDEN (Wolverhampton South East),0,0,0,0,0
Patricia GIBSON,25300,North Ayrshire and Arran,S14000048,Scottish National Party,24,9,39,http://www.wikidata.org/entity/Q19883132,Patricia GIBSON (North Ayrshire and Arran),0,0,0,0,0
Patrick GRADY,25299,Glasgow North,S14000031,Scottish National Party,29,14,44,http://www.wikidata.org/entity/Q19883135,Patrick GRADY (Glasgow North),0,0,0,0,0
Paul BERESFORD,10041,Mole Valley,E14000824,Conservative,75,62,89,http://www.wikidata.org/entity/Q263243,Paul BERESFORD (Mole Valley),0,0,0,0,0
Paul BLOMFIELD,24943,Sheffield Central,E14000919,Labour,23,6,39,http://www.wikidata.org/entity/Q264132,Paul BLOMFIELD (Sheffield Central),0,1,0,0,0
Paul BRISTOW,25795,Peterborough,E14000878,Conservative,79,63,94,http://www.wikidata.org/entity/Q76364834,Paul BRISTOW (Peterborough),0,0,0,0,0
Paul HOLMES,25808,Eastleigh,E14000685,Conservative,76,64,87,http://www.wikidata.org/entity/Q76450648,Paul HOLMES (Eastleigh),0,0,0,0,0
Paul HOWELL,25855,Sedgefield,E14000915,Conservative,76,65,87,http://www.wikidata.org/entity/Q76729375,Paul HOWELL (Sedgefield),0,0,0,0,0
Paul MAYNARD,24764,Blackpool North and Cleveleys,E14000572,Conservative,76,66,87,http://www.wikidata.org/entity/Q694881,Paul MAYNARD (Blackpool North and Cleveleys),0,0,0,0,0
Paul SCULLY,25331,Sutton and Cheam,E14000984,Conservative,69,54,83,http://www.wikidata.org/entity/Q20647800,Paul SCULLY (Sutton and Cheam),0,0,0,0,0
Paula BARKER,25819,"Liverpool, Wavertree",E14000795,Labour,27,13,41,http://www.wikidata.org/entity/Q76363951,"Paula BARKER (Liverpool, Wavertree)",1,0,0,0,0
Paulette HAMILTON,26061,"Birmingham, Erdington",E14000561,Labour,35,18,52,http://www.wikidata.org/entity/Q110863310,"Paulette HAMILTON (Birmingham, Erdington)",0,0,0,0,0
Pauline LATHAM,24821,Mid Derbyshire,E14000814,Conservative,76,66,86,http://www.wikidata.org/entity/Q750135,Pauline LATHAM (Mid Derbyshire),0,0,0,0,1
Penny MORDAUNT,24938,Portsmouth North,E14000883,Conservative,78,61,95,http://www.wikidata.org/entity/Q580464,Penny MORDAUNT (Portsmouth North),0,0,0,0,1
Pete WISHART,11333,Perth and North Perthshire,S14000054,Scottish National Party,25,6,44,http://www.wikidata.org/entity/Q261675,Pete WISHART (Perth and North Perthshire),0,0,0,0,0
Peter ALDOUS,24904,Waveney,E14001022,Conservative,71,59,82,http://www.wikidata.org/entity/Q258963,Peter ALDOUS (Waveney),0,0,0,0,0
Peter BONE,11915,Wellingborough,E14001025,Conservative,79,68,91,http://www.wikidata.org/entity/Q264426,Peter BONE (Wellingborough),0,0,0,0,0
Peter BOTTOMLEY,10057,Worthing West,E14001055,Conservative,72,61,83,http://www.wikidata.org/entity/Q264477,Peter BOTTOMLEY (Worthing West),0,0,0,0,0
Peter DOWD,25309,Bootle,E14000581,Labour,34,20,48,http://www.wikidata.org/entity/Q19957586,Peter DOWD (Bootle),0,1,0,0,0
Peter GIBSON,25793,Darlington,E14000658,Conservative,73,59,87,http://www.wikidata.org/entity/Q76450767,Peter GIBSON (Darlington),0,0,0,0,0
Peter GRANT,25273,Glenrothes,S14000036,Scottish National Party,30,17,44,http://www.wikidata.org/entity/Q19882721,Peter GRANT (Glenrothes),0,0,0,0,0
Peter KYLE,25418,Hove,E14000755,Labour,44,31,57,http://www.wikidata.org/entity/Q20113749,Peter KYLE (Hove),0,0,0,0,0
Philip DAVIES,11816,Shipley,E14000925,Conservative,80,63,97,http://www.wikidata.org/entity/Q300004,Philip DAVIES (Shipley),0,0,0,0,0
Philip DUNNE,11696,Ludlow,E14000799,Conservative,70,56,84,http://www.wikidata.org/entity/Q302546,Philip DUNNE (Ludlow),0,0,0,0,0
Philip HOLLOBONE,11661,Kettering,E14000769,Conservative,77,66,87,http://www.wikidata.org/entity/Q689287,Philip HOLLOBONE (Kettering),0,0,0,0,0
Philippa WHITFORD,25318,Central Ayrshire,S14000010,Scottish National Party,20,4,36,http://www.wikidata.org/entity/Q19874405,Philippa WHITFORD (Central Ayrshire),0,0,0,0,0
Preet Kaur GILL,25666,"Birmingham, Edgbaston",E14000560,Labour,29,13,46,http://www.wikidata.org/entity/Q30173119,"Preet Kaur GILL (Birmingham, Edgbaston)",0,1,0,0,0
Priti PATEL,24778,Witham,E14001045,Conservative,81,71,92,http://www.wikidata.org/entity/Q575733,Priti PATEL (Witham),0,0,0,0,0
Rachael MASKELL,25433,York Central,E14001061,Labour,29,13,46,http://www.wikidata.org/entity/Q20127923,Rachael MASKELL (York Central),1,0,0,0,0
Rachel HOPKINS,25809,Luton South,E14000801,Labour,32,17,46,http://www.wikidata.org/entity/Q76448943,Rachel HOPKINS (Luton South),1,0,0,0,0
Rachel MACLEAN,25692,Redditch,E14000892,Conservative,70,56,83,http://www.wikidata.org/entity/Q30234241,Rachel MACLEAN (Redditch),0,0,0,1,0
Ranil JAYAWARDENA,25419,North East Hampshire,E14000844,Conservative,87,74,99,http://www.wikidata.org/entity/Q19870873,Ranil JAYAWARDENA (North East Hampshire),0,0,0,0,0
Rebecca HARRIS,24731,Castle Point,E14000622,Conservative,79,68,90,http://www.wikidata.org/entity/Q478305,Rebecca HARRIS (Castle Point),0,0,0,0,0
Rebecca LONG-BAILEY,25368,Salford and Eccles,E14000911,Labour,20,5,36,http://www.wikidata.org/entity/Q19979355,Rebecca LONG-BAILEY (Salford and Eccles),1,0,0,0,0
Rebecca POW,25407,Taunton Deane,E14000988,Conservative,78,65,89,http://www.wikidata.org/entity/Q20647855,Rebecca POW (Taunton Deane),0,0,0,0,0
Rehman CHISHTI,24920,Gillingham and Rainham,E14000711,Conservative,78,65,92,http://www.wikidata.org/entity/Q271683,Rehman CHISHTI (Gillingham and Rainham),0,0,0,0,0
Richard BACON,10707,South Norfolk,E14000941,Conservative,78,66,89,http://www.wikidata.org/entity/Q3409441,Richard BACON (South Norfolk),0,0,0,0,0
Richard BURGON,25391,Leeds East,E14000778,Labour,22,3,40,http://www.wikidata.org/entity/Q19871710,Richard BURGON (Leeds East),1,0,0,0,0
Richard DRAX,24903,South Dorset,E14000936,Conservative,80,67,93,http://www.wikidata.org/entity/Q302187,Richard DRAX (South Dorset),0,0,0,0,0
Richard FOORD,26086,Tiverton and Honiton,E14000996,Liberal Democrat,40,29,51,http://www.wikidata.org/entity/Q98626667,Richard FOORD (Tiverton and Honiton),0,0,0,0,0
Richard FULLER,24787,North East Bedfordshire,E14000841,Conservative,76,64,88,http://www.wikidata.org/entity/Q391073,Richard FULLER (North East Bedfordshire),0,0,0,1,0
Richard GRAHAM,24921,Gloucester,E14000712,Conservative,74,63,84,http://www.wikidata.org/entity/Q391756,Richard GRAHAM (Gloucester),0,0,0,0,0
Richard HOLDEN,25893,North West Durham,E14000856,Conservative,72,57,86,http://www.wikidata.org/entity/Q76729336,Richard HOLDEN (North West Durham),0,0,0,0,0
Richard THOMSON,25919,Gordon,S14000037,Scottish National Party,32,18,45,http://www.wikidata.org/entity/Q75818976,Richard THOMSON (Gordon),0,0,0,0,0
Rishi SUNAK,25428,Richmond (Yorks),E14000895,Conservative,76,70,82,http://www.wikidata.org/entity/Q20055561,Rishi SUNAK (Richmond (Yorks)),0,0,0,0,0
Rob BUTLER,25895,Aylesbury,E14000538,Conservative,80,68,92,http://www.wikidata.org/entity/Q76736645,Rob BUTLER (Aylesbury),0,0,0,0,0
Rob ROBERTS,25852,Delyn,W07000042,Conservative,69,53,85,http://www.wikidata.org/entity/Q76363923,Rob ROBERTS (Delyn),0,0,0,0,0
Robbie MOORE,25922,Keighley,E14000766,Conservative,83,68,98,http://www.wikidata.org/entity/Q76363206,Robbie MOORE (Keighley),0,0,0,0,0
Robert BUCKLAND,24843,South Swindon,E14000947,Conservative,71,58,85,http://www.wikidata.org/entity/Q269853,Robert BUCKLAND (South Swindon),0,0,1,1,0
Robert COURTS,25593,Witney,E14001046,Conservative,80,69,90,http://www.wikidata.org/entity/Q27671735,Robert COURTS (Witney),0,0,0,0,1
Robert GOODWILL,11804,Scarborough and Whitby,E14000913,Conservative,81,69,93,http://www.wikidata.org/entity/Q391644,Robert GOODWILL (Scarborough and Whitby),0,0,0,0,0
Robert HALFON,24784,Harlow,E14000729,Conservative,71,59,83,http://www.wikidata.org/entity/Q392375,Robert HALFON (Harlow),0,0,1,0,0
Robert JENRICK,25227,Newark,E14000829,Conservative,78,67,89,http://www.wikidata.org/entity/Q17180679,Robert JENRICK (Newark),0,0,0,0,0
Robert LARGAN,25841,High Peak,E14000748,Conservative,75,65,86,http://www.wikidata.org/entity/Q76363319,Robert LARGAN (High Peak),0,0,0,0,0
Robert SYMS,10582,Poole,E14000881,Conservative,83,69,96,http://www.wikidata.org/entity/Q306250,Robert SYMS (Poole),0,0,0,0,0
Robin MILLAR,25832,Aberconwy,W07000058,Conservative,82,67,96,http://www.wikidata.org/entity/Q76450637,Robin MILLAR (Aberconwy),0,0,0,0,0
Robin WALKER,24862,Worcester,E14001052,Conservative,71,57,84,http://www.wikidata.org/entity/Q263076,Robin WALKER (Worcester),0,0,0,1,0
Roger GALE,10217,North Thanet,E14000852,Conservative,66,55,77,http://www.wikidata.org/entity/Q391094,Roger GALE (North Thanet),0,0,0,0,0
Rosena ALLIN-KHAN,25579,Tooting,E14000998,Labour,36,21,51,http://www.wikidata.org/entity/Q24668273,Rosena ALLIN-KHAN (Tooting),0,1,0,0,0
Rosie DUFFIELD,25656,Canterbury,E14000619,Labour,46,36,57,http://www.wikidata.org/entity/Q30164380,Rosie DUFFIELD (Canterbury),0,1,0,0,0
Rosie WINTERTON,10648,Doncaster Central,E14000668,Labour,42,25,58,http://www.wikidata.org/entity/Q261773,Rosie WINTERTON (Doncaster Central),0,0,0,0,0
Royston SMITH,25345,"Southampton, Itchen",E14000955,Conservative,73,61,85,http://www.wikidata.org/entity/Q20648372,"Royston SMITH (Southampton, Itchen)",0,0,0,0,0
Rupa HUQ,25284,Ealing Central and Acton,E14000674,Labour,30,16,45,http://www.wikidata.org/entity/Q7380182,Rupa HUQ (Ealing Central and Acton),0,0,0,0,0
Rushanara ALI,24958,Bethnal Green and Bow,E14000555,Labour,18,2,35,http://www.wikidata.org/entity/Q259423,Rushanara ALI (Bethnal Green and Bow),0,1,0,0,0
Ruth CADBURY,25343,Brentford and Isleworth,E14000593,Labour,30,17,43,http://www.wikidata.org/entity/Q19871785,Ruth CADBURY (Brentford and Isleworth),0,1,0,0,0
Ruth EDWARDS,25854,Rushcliffe,E14000908,Conservative,74,61,87,http://www.wikidata.org/entity/Q76450717,Ruth EDWARDS (Rushcliffe),0,0,0,0,0
Ruth JONES,25746,Newport West,W07000056,Labour,27,9,45,http://www.wikidata.org/entity/Q62764975,Ruth JONES (Newport West),0,0,0,0,0
Sajid JAVID,24854,Bromsgrove,E14000605,Conservative,81,68,94,http://www.wikidata.org/entity/Q727798,Sajid JAVID (Bromsgrove),0,0,0,0,1
Sally-Ann HART,25902,Hastings and Rye,E14000735,Conservative,72,60,83,http://www.wikidata.org/entity/Q76364330,Sally-Ann HART (Hastings and Rye),0,0,0,0,0
Sam TARRY,25912,Ilford South,E14000760,Labour,32,19,45,http://www.wikidata.org/entity/Q76363937,Sam TARRY (Ilford South),1,0,0,0,0
Samantha DIXON,26118,City of Chester,E14000640,Labour,35,22,49,http://www.wikidata.org/entity/Q115550143,Samantha DIXON (City of Chester),0,0,0,0,0
Saqib BHATTI,25847,Meriden,E14000812,Conservative,78,62,94,http://www.wikidata.org/entity/Q76449003,Saqib BHATTI (Meriden),0,0,0,0,0
Sara BRITCLIFFE,25876,Hyndburn,E14000758,Conservative,72,61,84,http://www.wikidata.org/entity/Q76363563,Sara BRITCLIFFE (Hyndburn),0,0,0,0,0
Sarah ATHERTON,25810,Wrexham,W07000044,Conservative,76,60,92,http://www.wikidata.org/entity/Q76363249,Sarah ATHERTON (Wrexham),0,0,0,0,0
Sarah CHAMPION,25168,Rotherham,E14000904,Labour,40,24,57,http://www.wikidata.org/entity/Q7422176,Sarah CHAMPION (Rotherham),0,0,0,0,0
Sarah DINES,25877,Derbyshire Dales,E14000664,Conservative,78,68,88,http://www.wikidata.org/entity/Q76364344,Sarah DINES (Derbyshire Dales),0,0,0,0,0
Sarah DYKE,26270,Somerton and Frome,E14000932,Liberal Democrat,32,21,44,http://www.wikidata.org/entity/Q120769692,Sarah DYKE (Somerton and Frome),0,0,0,0,0
Sarah GREEN,26034,Chesham and Amersham,E14000631,Liberal Democrat,35,19,49,http://www.wikidata.org/entity/Q107284337,Sarah GREEN (Chesham and Amersham),0,0,0,0,0
Sarah JONES,25673,Croydon Central,E14000654,Labour,33,17,48,http://www.wikidata.org/entity/Q30179052,Sarah JONES (Croydon Central),0,1,0,0,0
Sarah OLNEY,25596,Richmond Park,E14000896,Liberal Democrat,44,32,57,http://www.wikidata.org/entity/Q27942399,Sarah OLNEY (Richmond Park),0,0,0,0,0
Sarah OWEN,25823,Luton North,E14000800,Labour,38,21,54,http://www.wikidata.org/entity/Q75621688,Sarah OWEN (Luton North),0,1,0,0,0
Scott BENTON,25800,Blackpool South,E14000573,Conservative,84,70,98,http://www.wikidata.org/entity/Q76363105,Scott BENTON (Blackpool South),0,0,0,0,0
Scott MANN,25383,North Cornwall,E14000837,Conservative,80,69,91,http://www.wikidata.org/entity/Q20647692,Scott MANN (North Cornwall),0,0,0,0,0
Seema MALHOTRA,25150,Feltham and Heston,E14000701,Labour,38,22,53,http://www.wikidata.org/entity/Q694984,Seema MALHOTRA (Feltham and Heston),0,1,0,0,0
Selaine SAXBY,25880,North Devon,E14000838,Conservative,73,62,84,http://www.wikidata.org/entity/Q76362953,Selaine SAXBY (North Devon),0,0,0,0,0
Shailesh VARA,11475,North West Cambridgeshire,E14000855,Conservative,76,66,86,http://www.wikidata.org/entity/Q267234,Shailesh VARA (North West Cambridgeshire),0,0,0,0,0
Sharon HODGSON,11592,Washington and Sunderland West,E14001020,Labour,36,20,51,http://www.wikidata.org/entity/Q689041,Sharon HODGSON (Washington and Sunderland West),0,1,0,0,0
Shaun BAILEY,25814,West Bromwich West,E14001030,Conservative,65,50,79,http://www.wikidata.org/entity/Q76363893,Shaun BAILEY (West Bromwich West),0,0,0,0,0
Sheryll MURRAY,24875,South East Cornwall,E14000938,Conservative,75,65,85,http://www.wikidata.org/entity/Q578272,Sheryll MURRAY (South East Cornwall),0,0,0,0,0
Simon BAYNES,25799,Clwyd South,W07000062,Conservative,64,50,77,http://www.wikidata.org/entity/Q75427885,Simon BAYNES (Clwyd South),0,0,0,0,0
Simon CLARKE,25657,Middlesbrough South and East Cleveland,E14000820,Conservative,80,67,95,http://www.wikidata.org/entity/Q30228118,Simon CLARKE (Middlesbrough South and East Cleveland),0,0,0,0,0
Simon FELL,25869,Barrow and Furness,E14000543,Conservative,64,53,76,http://www.wikidata.org/entity/Q76362924,Simon FELL (Barrow and Furness),0,0,0,0,0
Simon HART,24813,Carmarthen West and South Pembrokeshire,W07000066,Conservative,68,55,81,http://www.wikidata.org/entity/Q478345,Simon HART (Carmarthen West and South Pembrokeshire),0,0,0,0,0
Simon HOARE,25427,North Dorset,E14000839,Conservative,76,63,90,http://www.wikidata.org/entity/Q19958093,Simon HOARE (North Dorset),0,0,1,0,0
Simon JUPP,25911,East Devon,E14000678,Conservative,77,65,89,http://www.wikidata.org/entity/Q76449017,Simon JUPP (East Devon),0,0,0,0,0
Simon LIGHTWOOD,26085,Wakefield,E14001009,Labour,38,21,55,http://www.wikidata.org/entity/Q112133647,Simon LIGHTWOOD (Wakefield),0,0,0,0,0
Siobhain MCDONAGH,10381,Mitcham and Morden,E14000823,Labour,38,26,50,http://www.wikidata.org/entity/Q694759,Siobhain MCDONAGH (Mitcham and Morden),0,0,0,0,0
Siobhan BAILLIE,25838,Stroud,E14000980,Conservative,74,65,83,http://www.wikidata.org/entity/Q76363409,Siobhan BAILLIE (Stroud),0,0,0,0,0
Stella CREASY,24949,Walthamstow,E14001013,Labour,39,25,53,http://www.wikidata.org/entity/Q291502,Stella CREASY (Walthamstow),0,0,0,0,0
Stephanie PEACOCK,25617,Barnsley East,E14000542,Labour,37,19,52,http://www.wikidata.org/entity/Q30164451,Stephanie PEACOCK (Barnsley East),0,1,0,0,0
Stephen HAMMOND,11927,Wimbledon,E14001040,Conservative,75,62,88,http://www.wikidata.org/entity/Q332979,Stephen HAMMOND (Wimbledon),0,0,1,0,0
Stephen KINNOCK,25297,Aberavon,W07000049,Labour,41,27,56,http://www.wikidata.org/entity/Q3377178,Stephen KINNOCK (Aberavon),0,1,0,0,0
Stephen MCPARTLAND,24888,Stevenage,E14000968,Conservative,75,60,89,http://www.wikidata.org/entity/Q584156,Stephen MCPARTLAND (Stevenage),0,0,0,0,1
Stephen METCALFE,24749,South Basildon and East Thurrock,E14000933,Conservative,76,66,86,http://www.wikidata.org/entity/Q272643,Stephen METCALFE (South Basildon and East Thurrock),0,0,0,0,0
Stephen MORGAN,25658,Portsmouth South,E14000884,Labour,32,15,48,http://www.wikidata.org/entity/Q30179008,Stephen MORGAN (Portsmouth South),0,0,0,0,0
Stephen TIMMS,10596,East Ham,E14000679,Labour,45,29,61,http://www.wikidata.org/entity/Q272346,Stephen TIMMS (East Ham),0,1,0,0,0
Steve BARCLAY,24916,North East Cambridgeshire,E14000842,Conservative,79,67,92,http://www.wikidata.org/entity/Q260546,Steve BARCLAY (North East Cambridgeshire),0,0,0,0,0
Steve BRINE,24901,Winchester,E14001041,Conservative,68,58,79,http://www.wikidata.org/entity/Q265088,Steve BRINE (Winchester),0,0,1,0,0
Steve DOUBLE,25410,St Austell and Newquay,E14000961,Conservative,80,69,91,http://www.wikidata.org/entity/Q19957580,Steve DOUBLE (St Austell and Newquay),0,0,0,0,0
Steve MCCABE,10377,"Birmingham, Selly Oak",E14000567,Labour,36,18,54,http://www.wikidata.org/entity/Q694869,"Steve MCCABE (Birmingham, Selly Oak)",0,0,0,0,0
Steve REED,25170,Croydon North,E14000655,Labour,37,23,51,http://www.wikidata.org/entity/Q7613711,Steve REED (Croydon North),0,1,0,0,0
Steve TUCKWELL,26269,Uxbridge and South Ruislip,E14001007,Conservative,77,63,90,http://www.wikidata.org/entity/Q120780803,Steve TUCKWELL (Uxbridge and South Ruislip),0,0,0,0,0
Steven BAKER,24786,Wycombe,E14001056,Conservative,86,72,100,http://www.wikidata.org/entity/Q260111,Steven BAKER (Wycombe),0,0,0,0,1
Steven BONNAR,25861,"Coatbridge, Chryston and Bellshill",S14000011,Scottish National Party,14,0,31,http://www.wikidata.org/entity/Q75818978,"Steven BONNAR (Coatbridge, Chryston and Bellshill)",0,0,0,0,0
Stewart HOSIE,11973,Dundee East,S14000015,Scottish National Party,28,13,44,http://www.wikidata.org/entity/Q689514,Stewart HOSIE (Dundee East),0,0,0,0,0
Stewart MCDONALD,25322,Glasgow South,S14000034,Scottish National Party,42,29,56,http://www.wikidata.org/entity/Q20011564,Stewart MCDONALD (Glasgow South),0,0,0,0,0
Stuart ANDERSON,25818,Wolverhampton South West,E14001051,Conservative,73,58,88,http://www.wikidata.org/entity/Q76363439,Stuart ANDERSON (Wolverhampton South West),0,0,0,0,0
Stuart ANDREW,24864,Pudsey,E14000886,Conservative,83,67,99,http://www.wikidata.org/entity/Q259707,Stuart ANDREW (Pudsey),0,0,0,1,0
Stuart MCDONALD,25301,"Cumbernauld, Kilsyth and Kirkintilloch East",S14000012,Scottish National Party,23,6,40,http://www.wikidata.org/entity/Q19883251,"Stuart MCDONALD (Cumbernauld, Kilsyth and Kirkintilloch East)",0,0,0,0,0
Suella BRAVERMAN,25272,Fareham,E14000699,Conservative,92,81,100,http://www.wikidata.org/entity/Q19957769,Suella BRAVERMAN (Fareham),0,0,0,0,1
Suzanne WEBB,25926,Stourbridge,E14000976,Conservative,82,66,100,http://www.wikidata.org/entity/Q63929121,Suzanne WEBB (Stourbridge),0,0,0,0,0
Tahir ALI,25888,"Birmingham, Hall Green",E14000562,Labour,36,18,53,http://www.wikidata.org/entity/Q76450672,"Tahir ALI (Birmingham, Hall Green)",1,0,0,0,0
Taiwo OWATEMI,25915,Coventry North West,E14000650,Labour,42,26,58,http://www.wikidata.org/entity/Q76364051,Taiwo OWATEMI (Coventry North West),0,1,0,0,0
Theo CLARKE,25900,Stafford,E14000965,Conservative,76,66,87,http://www.wikidata.org/entity/Q75583507,Theo CLARKE (Stafford),0,0,0,0,0
Theresa MAY,10426,Maidenhead,E14000803,Conservative,67,55,79,http://www.wikidata.org/entity/Q264766,Theresa MAY (Maidenhead),0,0,0,0,0
Theresa VILLIERS,11500,Chipping Barnet,E14000636,Conservative,82,69,94,http://www.wikidata.org/entity/Q266793,Theresa VILLIERS (Chipping Barnet),0,0,0,0,0
Therese COFFEY,24771,Suffolk Coastal,E14000981,Conservative,85,75,94,http://www.wikidata.org/entity/Q290554,Therese COFFEY (Suffolk Coastal),0,0,0,0,1
Thomas TUGENDHAT,25374,Tonbridge and Malling,E14000997,Conservative,70,60,80,http://www.wikidata.org/entity/Q20648385,Thomas TUGENDHAT (Tonbridge and Malling),0,0,1,1,0
Tim FARRON,11923,Westmorland and Lonsdale,E14001037,Liberal Democrat,38,25,51,http://www.wikidata.org/entity/Q304251,Tim FARRON (Westmorland and Lonsdale),0,0,0,0,0
Tim LOUGHTON,10371,East Worthing and Shoreham,E14000682,Conservative,72,61,84,http://www.wikidata.org/entity/Q695228,Tim LOUGHTON (East Worthing and Shoreham),0,0,0,0,0
Tobias ELLWOOD,11437,Bournemouth East,E14000584,Conservative,65,51,78,http://www.wikidata.org/entity/Q303299,Tobias ELLWOOD (Bournemouth East),0,0,1,0,0
Toby PERKINS,24845,Chesterfield,E14000632,Labour,39,28,50,http://www.wikidata.org/entity/Q575462,Toby PERKINS (Chesterfield),0,0,0,0,0
Tom HUNT,25811,Ipswich,E14000761,Conservative,83,71,94,http://www.wikidata.org/entity/Q76736580,Tom HUNT (Ipswich),0,0,0,0,0
Tom PURSGLOVE,25387,Corby,E14000648,Conservative,80,68,92,http://www.wikidata.org/entity/Q16232474,Tom PURSGLOVE (Corby),0,0,0,0,0
Tom RANDALL,25837,Gedling,E14000710,Conservative,84,70,97,http://www.wikidata.org/entity/Q63929382,Tom RANDALL (Gedling),0,0,0,0,0
Tommy SHEPPARD,25341,Edinburgh East,S14000022,Scottish National Party,16,0,33,http://www.wikidata.org/entity/Q19880278,Tommy SHEPPARD (Edinburgh East),0,0,0,0,0
Tonia ANTONIAZZI,25634,Gower,W07000046,Labour,38,24,51,http://www.wikidata.org/entity/Q30165536,Tonia ANTONIAZZI (Gower),0,0,0,0,0
Tony LLOYD,10367,Rochdale,E14000897,Labour,33,16,50,http://www.wikidata.org/entity/Q695295,Tony LLOYD (Rochdale),0,1,0,0,0
Tracey CROUCH,24871,Chatham and Aylesford,E14000626,Conservative,70,61,80,http://www.wikidata.org/entity/Q291557,Tracey CROUCH (Chatham and Aylesford),0,0,0,0,0
Trudy HARRISON,25600,Copeland,E14000647,Conservative,76,63,87,http://www.wikidata.org/entity/Q28834855,Trudy HARRISON (Copeland),0,0,0,0,0
Tulip SIDDIQ,25344,Hampstead and Kilburn,E14000727,Labour,26,12,40,http://www.wikidata.org/entity/Q7852071,Tulip SIDDIQ (Hampstead and Kilburn),0,0,0,0,0
Valerie VAZ,24852,Walsall South,E14001012,Labour,33,16,50,http://www.wikidata.org/entity/Q266978,Valerie VAZ (Walsall South),0,0,0,0,0
Vicky FORD,25614,Chelmsford,E14000628,Conservative,75,64,86,http://www.wikidata.org/entity/Q441532,Vicky FORD (Chelmsford),0,0,1,0,0
Vicky FOXCROFT,25380,"Lewisham, Deptford",E14000789,Labour,39,24,54,http://www.wikidata.org/entity/Q19957802,"Vicky FOXCROFT (Lewisham, Deptford)",0,0,0,0,0
Victoria ATKINS,25424,Louth and Horncastle,E14000798,Conservative,69,57,80,http://www.wikidata.org/entity/Q19938362,Victoria ATKINS (Louth and Horncastle),0,0,0,1,0
Victoria PRENTIS,25420,Banbury,E14000539,Conservative,74,64,84,http://www.wikidata.org/entity/Q20054083,Victoria PRENTIS (Banbury),0,0,1,0,0
Virendra SHARMA,13934,"Ealing, Southall",E14000676,Labour,34,17,50,http://www.wikidata.org/entity/Q478387,"Virendra SHARMA (Ealing, Southall)",0,0,0,0,0
Virginia CROSBIE,25843,Ynys Mn,W07000041,Conservative,73,58,88,http://www.wikidata.org/entity/Q76363411,Virginia CROSBIE (Ynys Mn),0,0,0,0,0
Wayne DAVID,10842,Caerphilly,W07000076,Labour,26,12,41,http://www.wikidata.org/entity/Q296716,Wayne DAVID (Caerphilly),0,1,0,0,0
Wendy CHAMBERLAIN,25872,North East Fife,S14000049,Liberal Democrat,50,38,63,http://www.wikidata.org/entity/Q75838898,Wendy CHAMBERLAIN (North East Fife),0,0,0,0,0
Wendy MORTON,25342,Aldridge-Brownhills,E14000531,Conservative,78,61,95,http://www.wikidata.org/entity/Q19917814,Wendy MORTON (Aldridge-Brownhills),0,0,0,0,0
Wera HOBHOUSE,25648,Bath,E14000547,Liberal Democrat,41,29,53,http://www.wikidata.org/entity/Q30164280,Wera HOBHOUSE (Bath),0,0,0,0,0
Wes STREETING,25320,Ilford North,E14000759,Labour,43,30,56,http://www.wikidata.org/entity/Q7983764,Wes STREETING (Ilford North),0,0,0,0,0
Will QUINCE,25403,Colchester,E14000644,Conservative,65,54,77,http://www.wikidata.org/entity/Q16751766,Will QUINCE (Colchester),0,0,0,0,0
William WRAGG,25360,Hazel Grove,E14000738,Conservative,78,63,92,http://www.wikidata.org/entity/Q20732037,William WRAGG (Hazel Grove),0,0,0,0,0
Yasmin QURESHI,24775,Bolton South East,E14000579,Labour,29,12,45,http://www.wikidata.org/entity/Q267930,Yasmin QURESHI (Bolton South East),0,0,0,0,0
Yvette COOPER,10131,"Normanton, Pontefract and Castleford",E14000836,Labour,31,13,50,http://www.wikidata.org/entity/Q291057,"Yvette COOPER (Normanton, Pontefract and Castleford)",0,1,0,0,0
Yvonne FOVARGUE,24805,Makerfield,E14000805,Labour,33,18,49,http://www.wikidata.org/entity/Q390756,Yvonne FOVARGUE (Makerfield),0,0,0,0,0
Zarah SULTANA,25909,Coventry South,E14000651,Labour,25,7,43,http://www.wikidata.org/entity/Q63929279,Zarah SULTANA (Coventry South),1,0,0,0,0
